terrakey,intent,mod_type,fragment,assgn_id,adm_ref_id,plan_adm_ref_id,notice_typ,adm,ctry,network,stn_id,addr_code,op_agcy,d_adm_ntc,d_inuse,d_rcv,d_expiry,prov,region,transmitter.frq,freq_vcarr,freq_scarr,tv_chan,freq_stabl,oset_v_12,oset_v_khz,oset_s_12,oset_s_khz,offset_khz,stn_cls,tran_sys,color,emi_cls,bdwdth,transmitter.alt,eff_hgtmax,erp_dbw,transmitter.txw,erp_h_dbw,erp_h_kw,erp_v_dbw,erp_v_kw,erp_beam_tilt_dbw,beam_tilt_angle,antenna.pol,ant_dir,antenna.azi,pwr_ratio,site,long_deg,long_ew,long_min,long_sec,lat_deg,lat_ns,lat_min,lat_sec,transmitter.lon,transmitter.lat,long_rdn,lat_rdn,site_alt,eu_ref,eu,fdg_observ,d_recog,src_notice,d_updated,src_update,stage,amend_type,is_notice,is_public,is_resub,is_digital,is_pub_req,d_pub_req,target,plan_entry,assgn_code,are_rmk_conds_met,has_signed_commitment,sfn_id,assoc_allot_id,assoc_allot_sfn_id,spect_mask,rx_mode,ref_plan_cfg,freq_block,pwr_dens,pwr_dens_reference,freq_min,freq_max,antenna.ant
81000167,RECORDED,,GE06D,106500250,BDI206,,DS1,BDI,BDI,81000167,,,,,,2006-06-01 00:00:00,,,1,176.64,,,,,,,,,,BC,,,X7EXF,1536,40.0,376,30.0,1000.0,30.0,1.0,,,,,h,ND,0.0,,BANGA,29,E,38,0.0,3,S,7,0.0,29.633333333333333,-3.1166666666666667,0.5171992350076442,-0.054396095020489,2021.0,,,,2006-06-08 00:00:00,ITU,2019-03-03 02:46:55,,RECORDED,RECORDED,False,True,False,True,False,,,1.0,S,False,False,,,,1,,RPC4,5B,,,175.872,177.408,1
92534363,RECORDED,MAJOR,GE84,120238545,BIHUNGE94.7-2020,,T01,BDI,BDI,92534363,,,,,,2022-01-28 00:00:00,,,1,94.7,,,,NORMAL,,,,,,BC,4,,F8EHF,300,35.0,445,28.0,630.9573444801932,,,28.0,0.6309573444801932,,,v,ND,0.0,,BIHUNGE,29,E,35,50.0,3,S,6,29.0,29.59722222222222,-3.108055555555556,0.5165689772222019,-0.054245802779345,2151.0,79.5016098022461,79.5016098022461,,2024-05-28 00:00:00,NOTIFIER,2024-08-25 07:01:03,,RECORDED,RECORDED,False,True,False,False,True,2024-04-03 00:00:00,,,,False,False,,,,,,,,,,94.55,94.85,1
92360853,RECORDED,NOT MODIFY,GE84,120238534,BIR88.2-2020,,T01,BDI,BDI,92360853,,,,,,2022-01-28 00:00:00,,,1,88.2,,,,NORMAL,,,,,,BC,4,,F8EHF,300,35.0,619,24.0,251.188643150958,,,24.0,0.251188643150958,,,v,ND,0.0,,BIRIME,30,E,24,9.0,3,S,18,27.0,30.4025,-3.3075,0.5306237258375671,-0.0577267650097114,2052.0,100.31385803222656,100.31385803222656,,2024-05-28 00:00:00,NOTIFIER,2024-08-25 00:36:56,,RECORDED,RECORDED,False,True,False,False,True,2024-04-03 00:00:00,,,,False,False,,,,,,,,,,88.05,88.35000000000001,1
92534354,RECORDED,MAJOR,GE84,120238535,BIR89.0-2020,,T01,BDI,BDI,92534354,,,,,,2022-01-28 00:00:00,,,1,89.0,,,,NORMAL,,,,,,BC,4,,F8EHF,300,35.0,619,28.0,630.9573444801932,,,28.0,0.6309573444801932,,,v,ND,0.0,,BIRIME,30,E,24,9.0,3,S,18,27.0,30.4025,-3.3075,0.5306237258375671,-0.0577267650097114,2052.0,100.37937927246094,100.37937927246094,,2024-05-28 00:00:00,NOTIFIER,2024-08-25 01:31:59,,RECORDED,RECORDED,False,True,False,False,True,2024-04-03 00:00:00,,,,False,False,,,,,,,,,,88.85,89.15,1
81000164,RECORDED,,GE06D,106501810,BDI203,,DS1,BDI,BDI,81000164,,,,,,2006-06-01 00:00:00,,,1,190.64,,,,,,,,,,BC,,,X7EXF,1536,60.0,398,30.0,1000.0,30.0,1.0,,,,,h,ND,0.0,,BIRIME,30,E,24,0.0,3,S,23,0.0,30.4,-3.3833333333333333,0.5305800926062672,-0.0590503063591404,1586.0,,,,2006-06-08 00:00:00,ITU,2019-03-03 02:46:55,,RECORDED,RECORDED,False,True,False,True,False,,,1.0,S,False,False,,,,1,,RPC4,7B,,,189.872,191.408,1
92534246,RECORDED,NOT MODIFY,GE84,122002423,BUBANZA,,T01,BDI,BDI,92534246,,,,,,2022-01-28 00:00:00,,,1,98.2,,,,NORMAL,,,,,,BC,4,,F8EHF,300,30.0,277,25.0,316.2277660168379,,,25.0,0.3162277660168379,,,v,ND,0.0,,BUBANZA,29,E,24,8.0,3,S,5,4.0,29.40222222222222,-3.0844444444444448,0.513165585180813,-0.0538337111504019,1104.0,84.18587493896484,84.18587493896484,,2024-05-28 00:00:00,NOTIFIER,2024-08-25 10:25:48,,RECORDED,RECORDED,False,True,False,False,True,2024-04-03 00:00:00,,,,False,False,,,,,,,,,,98.05,98.35,1
92534297,RECORDED,MAJOR,GE84,115030658,2015-08,,T01,BDI,BDI,92534297,,,,,,2022-01-28 00:00:00,,,1,87.6,,,,NORMAL,,,,,,BC,4,,F8EHF,200,35.0,51,20.0,100.0,,,20.0,0.1,,,v,ND,0.0,,BUJUMBURA,29,E,21,17.0,3,S,23,13.0,29.354722222222225,-3.3869444444444445,0.5123365537861158,-0.0591133321376847,783.0,91.68223571777344,91.68223571777344,,2024-05-28 00:00:00,NOTIFIER,2024-08-24 23:58:09,,RECORDED,RECORDED,False,True,False,False,True,2024-04-03 00:00:00,,,,False,False,,,,,,,,,,87.5,87.69999999999999,1
92169830,RECORDED,NOT MODIFY,NTFD_RR,120046994,2015-08,2015-08,TB2,BDI,BDI,92169830,,A,6.0,,2014-01-01 00:00:00,2020-03-03 00:00:00,,RR11.2,1,87.6,,,,NORMAL,,,,,,BC,1,,F3EGN,180,75.0,75,20.0,100.0,20.0,0.1,,,,,h,D,0.0,,BUJUMBURA,29,E,21,0.0,3,S,23,0.0,29.35,-3.3833333333333333,0.512254135460327,-0.0590503063591404,780.0,,,,2020-03-03 00:00:00,NOTIFIER,2020-04-21 15:40:00,,RECORDED,RECORDED,False,True,False,False,False,,,,,False,False,,,,,,,,,,87.50999999999999,87.69,0
92534291,RECORDED,MAJOR,GE84,115030651,2015-01,,T01,BDI,BDI,92534291,,,,,,2022-01-28 00:00:00,,,1,87.9,,,,NORMAL,,,,,,BC,4,,F8EHF,300,35.0,51,20.0,100.0,,,20.0,0.1,,,v,ND,0.0,,BUJUMBURA,29,E,21,17.0,3,S,23,13.0,29.354722222222225,-3.3869444444444445,0.5123365537861158,-0.0591133321376847,783.0,100.35363006591795,100.35363006591795,,2024-05-28 00:00:00,NOTIFIER,2024-08-25 00:16:27,,RECORDED,RECORDED,False,True,False,False,True,2024-04-03 00:00:00,,,,False,False,,,,,,,,,,87.75,88.05000000000001,1
92169831,RECORDED,NOT MODIFY,NTFD_RR,120046995,2015-01,2015-01,TB2,BDI,BDI,92169831,,A,6.0,,1999-01-01 00:00:00,2020-03-03 00:00:00,,RR11.2,1,87.9,,,,NORMAL,,,,,,BC,1,,F3EGN,180,75.0,75,20.9,123.02687708123811,20.9,0.1230268770812381,,,,,h,D,0.0,,BUJUMBURA,29,E,21,0.0,3,S,23,0.0,29.35,-3.3833333333333333,0.512254135460327,-0.0590503063591404,780.0,,,,2020-03-03 00:00:00,NOTIFIER,2020-04-21 15:40:00,,RECORDED,RECORDED,False,True,False,False,False,,,,,False,False,,,,,,,,,,87.81,87.99000000000001,0
92534292,RECORDED,MAJOR,GE84,115030652,2015-02,,T01,BDI,BDI,92534292,,,,,,2022-01-28 00:00:00,,,1,88.2,,,,NORMAL,,,,,,BC,4,,F8EHF,300,35.0,51,20.0,100.0,,,20.0,0.1,,,v,ND,0.0,,BUJUMBURA,29,E,21,17.0,3,S,23,13.0,29.354722222222225,-3.3869444444444445,0.5123365537861158,-0.0591133321376847,783.0,116.6146011352539,116.6146011352539,,2024-05-28 00:00:00,NOTIFIER,2024-08-25 00:36:57,,RECORDED,RECORDED,False,True,False,False,True,2024-04-03 00:00:00,,,,False,False,,,,,,,,,,88.05,88.35000000000001,1
92534293,RECORDED,MAJOR,GE84,115030653,2015-03,,T01,BDI,BDI,92534293,,,,,,2022-01-28 00:00:00,,,1,88.6,,,,NORMAL,,,,,,BC,4,,F8EHF,300,35.0,51,20.0,100.0,,,20.0,0.1,,,v,ND,0.0,,BUJUMBURA,29,E,21,17.0,3,S,23,13.0,29.354722222222225,-3.3869444444444445,0.5123365537861158,-0.0591133321376847,783.0,95.79824829101562,95.79824829101562,,2024-05-28 00:00:00,NOTIFIER,2024-08-25 01:06:48,,RECORDED,RECORDED,False,True,False,False,True,2024-04-03 00:00:00,,,,False,False,,,,,,,,,,88.44999999999999,88.75,1
92169833,RECORDED,NOT MODIFY,NTFD_RR,120046997,2015-03,2015-03,TB2,BDI,BDI,92169833,,A,6.0,,2006-01-01 00:00:00,2020-03-03 00:00:00,,RR11.2,1,88.6,,,,NORMAL,,,,,,BC,1,,F3EGN,180,75.0,75,20.0,100.0,20.0,0.1,,,,,h,D,0.0,,BUJUMBURA,29,E,21,0.0,3,S,23,0.0,29.35,-3.3833333333333333,0.512254135460327,-0.0590503063591404,780.0,,,,2020-03-03 00:00:00,NOTIFIER,2020-04-21 15:40:00,,RECORDED,RECORDED,False,True,False,False,False,,,,,False,False,,,,,,,,,,88.50999999999999,88.69,0
92534294,RECORDED,MAJOR,GE84,115030654,2015-04,,T01,BDI,BDI,92534294,,,,,,2022-01-28 00:00:00,,,1,88.9,,,,NORMAL,,,,,,BC,4,,F8EHF,300,35.0,51,20.0,100.0,,,20.0,0.1,,,v,ND,0.0,,BUJUMBURA,29,E,21,17.0,3,S,23,13.0,29.354722222222225,-3.3869444444444445,0.5123365537861158,-0.0591133321376847,783.0,90.69867706298828,90.69867706298828,,2024-05-28 00:00:00,NOTIFIER,2024-08-25 01:23:49,,RECORDED,RECORDED,False,True,False,False,True,2024-04-03 00:00:00,,,,False,False,,,,,,,,,,88.75,89.05000000000001,1
92169835,RECORDED,NOT MODIFY,NTFD_RR,120046999,2015-04,2015-04,TB2,BDI,BDI,92169835,,A,6.0,,2013-01-01 00:00:00,2020-03-03 00:00:00,,RR11.2,1,88.9,,,,NORMAL,,,,,,BC,1,,F3EGN,180,75.0,75,20.0,100.0,20.0,0.1,,,,,h,D,0.0,,BUJUMBURA,29,E,21,0.0,3,S,23,0.0,29.35,-3.3833333333333333,0.512254135460327,-0.0590503063591404,780.0,,,,2020-03-03 00:00:00,NOTIFIER,2020-04-21 15:40:00,,RECORDED,RECORDED,False,True,False,False,False,,,,,False,False,,,,,,,,,,88.81,88.99000000000001,0
92534295,RECORDED,MAJOR,GE84,115030656,2015-06,,T01,BDI,BDI,92534295,,,,,,2022-01-28 00:00:00,,,1,89.7,,,,NORMAL,,,,,,BC,4,,F8EHF,300,35.0,51,20.0,100.0,,,20.0,0.1,,,v,ND,0.0,,BUJUMBURA,29,E,21,17.0,3,S,23,13.0,29.354722222222225,-3.3869444444444445,0.5123365537861158,-0.0591133321376847,783.0,85.7335205078125,85.7335205078125,,2024-05-28 00:00:00,NOTIFIER,2024-08-25 02:13:41,,RECORDED,RECORDED,False,True,False,False,True,2024-04-03 00:00:00,,,,False,False,,,,,,,,,,89.55,89.85000000000001,1
92169837,RECORDED,NOT MODIFY,NTFD_RR,120047001,2015-06,2015-06,TB2,BDI,BDI,92169837,,A,6.0,,2000-01-01 00:00:00,2020-03-03 00:00:00,,RR11.2,1,89.7,,,,NORMAL,,,,,,BC,1,,F3EGN,180,75.0,75,20.0,100.0,20.0,0.1,,,,,h,D,0.0,,BUJUMBURA,29,E,21,0.0,3,S,23,0.0,29.35,-3.3833333333333333,0.512254135460327,-0.0590503063591404,780.0,,,,2020-03-03 00:00:00,NOTIFIER,2020-04-21 15:40:00,,RECORDED,RECORDED,False,True,False,False,False,,,,,False,False,,,,,,,,,,89.61,89.79,0
92534296,RECORDED,MAJOR,GE84,115030657,2015-07,,T01,BDI,BDI,92534296,,,,,,2022-01-28 00:00:00,,,1,90.2,,,,NORMAL,,,,,,BC,4,,F8EHF,300,35.0,51,20.0,100.0,,,20.0,0.1,,,v,ND,0.0,,BUJUMBURA,29,E,21,17.0,3,S,23,13.0,29.354722222222225,-3.3869444444444445,0.5123365537861158,-0.0591133321376847,783.0,100.09539794921876,100.09539794921876,,2024-05-28 00:00:00,NOTIFIER,2024-08-25 02:42:55,,RECORDED,RECORDED,False,True,False,False,True,2024-04-03 00:00:00,,,,False,False,,,,,,,,,,90.05,90.35,1
92169838,RECORDED,NOT MODIFY,NTFD_RR,120047002,2015-07,2015-07,TB2,BDI,BDI,92169838,,A,6.0,,2005-01-01 00:00:00,2020-03-03 00:00:00,,RR11.2,1,90.2,,,,NORMAL,,,,,,BC,1,,F3EGN,180,75.0,75,20.0,100.0,20.0,0.1,,,,,h,D,0.0,,BUJUMBURA,29,E,21,0.0,3,S,23,0.0,29.35,-3.3833333333333333,0.512254135460327,-0.0590503063591404,780.0,,,,2020-03-03 00:00:00,NOTIFIER,2020-04-21 15:40:00,,RECORDED,RECORDED,False,True,False,False,False,,,,,False,False,,,,,,,,,,90.11,90.29,0
92534346,RECORDED,MAJOR,GE84,115030718,2015-68,,T01,BDI,BDI,92534346,,,,,,2022-01-28 00:00:00,,,1,90.5,,,,NORMAL,,,,,,BC,4,,F8EHF,300,30.0,35,20.0,100.0,,,20.0,0.1,,,v,ND,0.0,,BUJUMBURA,29,E,21,17.0,3,S,23,13.0,29.354722222222225,-3.3869444444444445,0.5123365537861158,-0.0591133321376847,772.0,95.86145782470705,95.86145782470705,,2024-05-28 00:00:00,NOTIFIER,2024-08-25 03:00:15,,RECORDED,RECORDED,False,True,False,False,True,2024-04-03 00:00:00,,,,False,False,,,,,,,,,,90.35,90.65,1
92169839,RECORDED,NOT MODIFY,NTFD_RR,120047003,2015-68,2015-68,TB2,BDI,BDI,92169839,,A,6.0,,2010-01-01 00:00:00,2020-03-03 00:00:00,,RR11.2,1,90.5,,,,NORMAL,,,,,,BC,1,,F3EGN,180,75.0,75,20.0,100.0,20.0,0.1,,,,,h,D,0.0,,BUJUMBURA,29,E,21,0.0,3,S,23,0.0,29.35,-3.3833333333333333,0.512254135460327,-0.0590503063591404,780.0,,,,2020-03-03 00:00:00,NOTIFIER,2020-04-21 15:40:00,,RECORDED,RECORDED,False,True,False,False,False,,,,,False,False,,,,,,,,,,90.41,90.59,0
92534298,RECORDED,MAJOR,GE84,115030659,2015-09,,T01,BDI,BDI,92534298,,,,,,2022-01-28 00:00:00,,,1,90.9,,,,NORMAL,,,,,,BC,4,,F8EHF,300,35.0,51,20.0,100.0,,,20.0,0.1,,,v,ND,0.0,,BUJUMBURA,29,E,21,17.0,3,S,23,13.0,29.354722222222225,-3.3869444444444445,0.5123365537861158,-0.0591133321376847,783.0,90.47991180419922,90.47991180419922,,2024-05-28 00:00:00,NOTIFIER,2024-08-25 03:23:02,,RECORDED,RECORDED,False,True,False,False,True,2024-04-03 00:00:00,,,,False,False,,,,,,,,,,90.75,91.05,1
92169840,RECORDED,NOT MODIFY,NTFD_RR,120047004,2015-09,2015-09,TB2,BDI,BDI,92169840,,A,6.0,,2000-01-01 00:00:00,2020-03-03 00:00:00,,RR11.2,1,90.9,,,,NORMAL,,,,,,BC,1,,F3EGN,180,75.0,75,20.0,100.0,20.0,0.1,,,,,h,D,0.0,,BUJUMBURA,29,E,21,0.0,3,S,23,0.0,29.35,-3.3833333333333333,0.512254135460327,-0.0590503063591404,780.0,,,,2020-03-03 00:00:00,NOTIFIER,2020-04-21 15:40:00,,RECORDED,RECORDED,False,True,False,False,False,,,,,False,False,,,,,,,,,,90.81,90.99,0
92534299,RECORDED,MAJOR,GE84,115030660,2015-10,,T01,BDI,BDI,92534299,,,,,,2022-01-28 00:00:00,,,1,91.4,,,,NORMAL,,,,,,BC,4,,F8EHF,300,35.0,51,20.0,100.0,,,20.0,0.1,,,v,ND,0.0,,BUJUMBURA,29,E,21,17.0,3,S,23,13.0,29.354722222222225,-3.3869444444444445,0.5123365537861158,-0.0591133321376847,783.0,93.57173919677734,93.57173919677734,,2024-05-28 00:00:00,NOTIFIER,2024-08-25 03:52:27,,RECORDED,RECORDED,False,True,False,False,True,2024-04-03 00:00:00,,,,False,False,,,,,,,,,,91.25,91.55,1
92169842,RECORDED,NOT MODIFY,NTFD_RR,120047006,2015-10,2015-10,TB2,BDI,BDI,92169842,,A,6.0,,2013-01-01 00:00:00,2020-03-03 00:00:00,,RR11.2,1,91.4,,,,NORMAL,,,,,,BC,1,,F3EGN,180,75.0,75,20.0,100.0,20.0,0.1,,,,,h,D,0.0,,BUJUMBURA,29,E,21,0.0,3,S,23,0.0,29.35,-3.3833333333333333,0.512254135460327,-0.0590503063591404,780.0,,,,2020-03-03 00:00:00,NOTIFIER,2020-04-21 15:40:00,,RECORDED,RECORDED,False,True,False,False,False,,,,,False,False,,,,,,,,,,91.31,91.49,0
92534300,RECORDED,MAJOR,GE84,115030661,2015-11,,T01,BDI,BDI,92534300,,,,,,2022-01-28 00:00:00,,,1,91.8,,,,NORMAL,,,,,,BC,4,,F8EHF,300,35.0,51,20.0,100.0,,,20.0,0.1,,,v,ND,0.0,,BUJUMBURA,29,E,21,17.0,3,S,23,13.0,29.354722222222225,-3.3869444444444445,0.5123365537861158,-0.0591133321376847,783.0,84.8807144165039,84.8807144165039,,2024-05-28 00:00:00,NOTIFIER,2024-08-25 04:14:56,,RECORDED,RECORDED,False,True,False,False,True,2024-04-03 00:00:00,,,,False,False,,,,,,,,,,91.65,91.95,1
92169844,RECORDED,NOT MODIFY,NTFD_RR,120047008,2015-11,2015-11,TB2,BDI,BDI,92169844,,A,6.0,,2010-01-01 00:00:00,2020-03-03 00:00:00,,RR11.2,1,91.8,,,,NORMAL,,,,,,BC,1,,F3EGN,180,75.0,75,20.0,100.0,20.0,0.1,,,,,h,D,0.0,,BUJUMBURA,29,E,21,0.0,3,S,23,0.0,29.35,-3.3833333333333333,0.512254135460327,-0.0590503063591404,780.0,,,,2020-03-03 00:00:00,NOTIFIER,2020-04-21 15:40:00,,RECORDED,RECORDED,False,True,False,False,False,,,,,False,False,,,,,,,,,,91.71,91.89,0
92534301,RECORDED,MAJOR,GE84,115030662,2015-12,,T01,BDI,BDI,92534301,,,,,,2022-01-28 00:00:00,,,1,92.3,,,,NORMAL,,,,,,BC,4,,F8EHF,300,35.0,51,20.0,100.0,,,20.0,0.1,,,v,ND,0.0,,BUJUMBURA,29,E,21,17.0,3,S,23,13.0,29.354722222222225,-3.3869444444444445,0.5123365537861158,-0.0591133321376847,783.0,117.76834106445312,117.76834106445312,,2024-05-28 00:00:00,NOTIFIER,2024-08-25 04:43:18,,RECORDED,RECORDED,False,True,False,False,True,2024-04-03 00:00:00,,,,False,False,,,,,,,,,,92.15,92.45,1
92169846,RECORDED,NOT MODIFY,NTFD_RR,120047010,2015-12,2015-12,TB2,BDI,BDI,92169846,,A,6.0,,2006-01-01 00:00:00,2020-03-03 00:00:00,,RR11.2,1,92.3,,,,NORMAL,,,,,,BC,1,,F3EGN,180,75.0,75,20.0,100.0,20.0,0.1,,,,,h,D,0.0,,BUJUMBURA,29,E,21,0.0,3,S,23,0.0,29.35,-3.3833333333333333,0.512254135460327,-0.0590503063591404,780.0,,,,2020-03-03 00:00:00,NOTIFIER,2020-04-21 15:40:00,,RECORDED,RECORDED,False,True,False,False,False,,,,,False,False,,,,,,,,,,92.21,92.39,0
92534269,RECORDED,MAJOR,GE84,84039541,BUJ-92.9-2021,,T01,BDI,BDI,92534269,,,,,,2022-01-28 00:00:00,,,1,92.9,,,,NORMAL,,,,,,BC,4,,F8EHF,300,30.0,46,20.0,100.0,,,20.0,0.1,,,v,ND,0.0,,BUJUMBURA,29,E,21,17.0,3,S,23,13.0,29.354722222222225,-3.3869444444444445,0.5123365537861158,-0.0591133321376847,783.0,92.0341567993164,92.0341567993164,,2024-05-28 00:00:00,NOTIFIER,2024-08-25 05:17:02,,RECORDED,RECORDED,False,True,False,False,True,2024-04-03 00:00:00,,,,False,False,,,,,,,,,,92.75,93.05,1
92169847,RECORDED,NOT MODIFY,NTFD_RR,120047011,,,TB2,BDI,BDI,92169847,,A,6.0,,1984-01-01 00:00:00,2020-03-03 00:00:00,,RR11.2,1,92.9,,,,NORMAL,,,,,,BC,1,,F3EGN,180,75.0,75,20.9,123.02687708123811,20.9,0.1230268770812381,,,,,h,D,185.0,,BUJUMBURA,29,E,21,0.0,3,S,23,0.0,29.35,-3.3833333333333333,0.512254135460327,-0.0590503063591404,780.0,,,,2020-03-03 00:00:00,NOTIFIER,2020-04-21 15:40:00,,RECORDED,RECORDED,False,True,False,False,False,,,,,False,False,,,,,,,,,,92.81,92.99,0
92534302,RECORDED,MAJOR,GE84,115030663,2015-13,,T01,BDI,BDI,92534302,,,,,,2022-01-28 00:00:00,,,1,93.2,,,,NORMAL,,,,,,BC,4,,F8EHF,300,35.0,51,20.0,100.0,,,20.0,0.1,,,v,ND,0.0,,BUJUMBURA,29,E,21,17.0,3,S,23,13.0,29.354722222222225,-3.3869444444444445,0.5123365537861158,-0.0591133321376847,783.0,95.37377166748048,95.37377166748048,,2024-05-28 00:00:00,NOTIFIER,2024-08-25 05:34:00,,RECORDED,RECORDED,False,True,False,False,True,2024-04-03 00:00:00,,,,False,False,,,,,,,,,,93.05,93.35,1
92169848,RECORDED,NOT MODIFY,NTFD_RR,120047012,2015-13,2015-13,TB2,BDI,BDI,92169848,,A,6.0,,2010-01-01 00:00:00,2020-03-03 00:00:00,,RR11.2,1,93.2,,,,NORMAL,,,,,,BC,1,,F3EGN,180,75.0,75,20.0,100.0,20.0,0.1,,,,,h,D,0.0,,BUJUMBURA,29,E,21,0.0,3,S,23,0.0,29.35,-3.3833333333333333,0.512254135460327,-0.0590503063591404,780.0,,,,2020-03-03 00:00:00,NOTIFIER,2020-04-21 15:40:00,,RECORDED,RECORDED,False,True,False,False,False,,,,,False,False,,,,,,,,,,93.11,93.29,0
92534303,RECORDED,MAJOR,GE84,115030664,2015-14,,T01,BDI,BDI,92534303,,,,,,2022-01-28 00:00:00,,,1,93.7,,,,NORMAL,,,,,,BC,4,,F8EHF,300,30.0,36,30.0,1000.0,,,30.0,1.0,,,v,ND,0.0,,BUJUMBURA,29,E,21,17.0,3,S,23,13.0,29.354722222222225,-3.3869444444444445,0.5123365537861158,-0.0591133321376847,783.0,96.17738342285156,96.17738342285156,,2024-05-28 00:00:00,NOTIFIER,2024-08-25 06:01:38,,RECORDED,RECORDED,False,True,False,False,True,2024-04-03 00:00:00,,,,False,False,,,,,,,,,,93.55,93.85,1
92534304,RECORDED,MAJOR,GE84,115030665,2015-15,,T01,BDI,BDI,92534304,,,,,,2022-01-28 00:00:00,,,1,94.0,,,,NORMAL,,,,,,BC,4,,F8EHF,300,35.0,51,20.0,100.0,,,20.0,0.1,,,v,ND,0.0,,BUJUMBURA,29,E,21,17.0,3,S,23,13.0,29.354722222222225,-3.3869444444444445,0.5123365537861158,-0.0591133321376847,783.0,99.24496459960938,99.24496459960938,,2024-05-28 00:00:00,NOTIFIER,2024-08-25 06:18:17,,RECORDED,RECORDED,False,True,False,False,True,2024-04-03 00:00:00,,,,False,False,,,,,,,,,,93.85,94.15,1
92169849,RECORDED,NOT MODIFY,NTFD_RR,120047013,2015-15,2015-15,TB2,BDI,BDI,92169849,,A,6.0,,2012-01-01 00:00:00,2020-03-03 00:00:00,,RR11.2,1,94.0,,,,NORMAL,,,,,,BC,1,,F3EGN,180,75.0,75,24.0,251.188643150958,24.0,0.251188643150958,,,,,h,D,0.0,,BUJUMBURA,29,E,21,0.0,3,S,23,0.0,29.35,-3.3833333333333333,0.512254135460327,-0.0590503063591404,780.0,,,,2020-03-03 00:00:00,NOTIFIER,2020-04-21 15:40:00,,RECORDED,RECORDED,False,True,False,False,False,,,,,False,False,,,,,,,,,,93.91,94.09,0
92534305,RECORDED,MAJOR,GE84,115030666,2015-16,,T01,BDI,BDI,92534305,,,,,,2022-01-28 00:00:00,,,1,94.3,,,,NORMAL,,,,,,BC,4,,F8EHF,300,35.0,51,20.0,100.0,,,20.0,0.1,,,v,ND,0.0,,BUJUMBURA,29,E,21,17.0,3,S,23,13.0,29.354722222222225,-3.3869444444444445,0.5123365537861158,-0.0591133321376847,783.0,116.76557159423828,116.76557159423828,,2024-05-28 00:00:00,NOTIFIER,2024-08-25 06:37:03,,RECORDED,RECORDED,False,True,False,False,True,2024-04-03 00:00:00,,,,False,False,,,,,,,,,,94.15,94.45,1
92169851,RECORDED,NOT MODIFY,NTFD_RR,120047015,2015-16,2015-16,TB2,BDI,BDI,92169851,,A,6.0,,2010-01-01 00:00:00,2020-03-03 00:00:00,,RR11.2,1,94.3,,,,NORMAL,,,,,,BC,1,,F3EGN,180,75.0,75,20.0,100.0,20.0,0.1,,,,,h,D,0.0,,BUJUMBURA,29,E,21,0.0,3,S,23,0.0,29.35,-3.3833333333333333,0.512254135460327,-0.0590503063591404,780.0,,,,2020-03-03 00:00:00,NOTIFIER,2020-04-21 15:40:00,,RECORDED,RECORDED,False,True,False,False,False,,,,,False,False,,,,,,,,,,94.21,94.39,0
92534306,RECORDED,MAJOR,GE84,115030667,2015-17,,T01,BDI,BDI,92534306,,,,,,2022-01-28 00:00:00,,,1,94.6,,,,NORMAL,,,,,,BC,4,,F8EHF,300,35.0,51,20.0,100.0,,,20.0,0.1,,,v,ND,0.0,,BUJUMBURA,29,E,21,17.0,3,S,23,13.0,29.354722222222225,-3.3869444444444445,0.5123365537861158,-0.0591133321376847,783.0,102.08795166015624,102.08795166015624,,2024-05-28 00:00:00,NOTIFIER,2024-08-25 06:54:07,,RECORDED,RECORDED,False,True,False,False,True,2024-04-03 00:00:00,,,,False,False,,,,,,,,,,94.45,94.75,1
92169852,RECORDED,NOT MODIFY,NTFD_RR,120047016,2015-17,2015-17,TB2,BDI,BDI,92169852,,A,6.0,,2018-01-01 00:00:00,2020-03-03 00:00:00,,RR11.2,1,94.6,,,,NORMAL,,,,,,BC,1,,F3EGN,180,75.0,75,20.0,100.0,20.0,0.1,,,,,h,D,0.0,,BUJUMBURA,29,E,21,0.0,3,S,23,0.0,29.35,-3.3833333333333333,0.512254135460327,-0.0590503063591404,780.0,,,,2020-03-03 00:00:00,NOTIFIER,2020-04-21 15:40:00,,RECORDED,RECORDED,False,True,False,False,False,,,,,False,False,,,,,,,,,,94.51,94.69,0
92534375,RECORDED,MAJOR,GE84,120238558,BUJ94.9-2020,,T01,BDI,BDI,92534375,,,,,,2022-01-28 00:00:00,,,1,94.9,,,,NORMAL,,,,,,BC,4,,F8EHF,300,35.0,48,25.0,316.2277660168379,,,25.0,0.3162277660168379,,,v,ND,0.0,,BUJUMBURA,29,E,21,28.0,3,S,23,18.0,29.35777777777778,-3.388333333333333,0.5123898832910377,-0.0591375728217401,790.0,91.9804229736328,91.9804229736328,,2024-05-28 00:00:00,NOTIFIER,2024-08-25 07:13:41,,RECORDED,RECORDED,False,True,False,False,True,2024-04-03 00:00:00,,,,False,False,,,,,,,,,,94.75,95.05,1
92534281,RECORDED,MAJOR,GE84,84108069,BUJ-96.1-2021,,T01,BDI,BDI,92534281,,,,,,2022-01-28 00:00:00,,,1,96.1,,,,NORMAL,,,,,,BC,4,,F8EHF,300,30.0,46,20.0,100.0,,,20.0,0.1,,,v,ND,0.0,,BUJUMBURA,29,E,21,17.0,3,S,23,13.0,29.354722222222225,-3.3869444444444445,0.5123365537861158,-0.0591133321376847,783.0,78.27552032470703,78.27552032470703,,2024-05-28 00:00:00,NOTIFIER,2024-08-25 08:26:54,,RECORDED,RECORDED,False,True,False,False,True,2024-04-03 00:00:00,,,,False,False,,,,,,,,,,95.95,96.25,1
92169855,RECORDED,NOT MODIFY,NTFD_RR,120047019,,,TB2,BDI,BDI,92169855,,A,6.0,,2000-01-01 00:00:00,2020-03-03 00:00:00,,RR11.2,1,96.1,,,,NORMAL,,,,,,BC,1,,F3EGN,180,75.0,75,20.9,123.02687708123811,20.9,0.1230268770812381,,,,,h,ND,0.0,,BUJUMBURA,29,E,21,0.0,3,S,23,0.0,29.35,-3.3833333333333333,0.512254135460327,-0.0590503063591404,780.0,,,,2020-03-03 00:00:00,NOTIFIER,2020-04-21 15:40:00,,RECORDED,RECORDED,False,True,False,False,False,,,,,False,False,,,,,,,,,,96.01,96.19,1
92534308,RECORDED,MAJOR,GE84,115030669,2015-18,,T01,BDI,BDI,92534308,,,,,,2022-01-28 00:00:00,,,1,96.8,,,,NORMAL,,,,,,BC,4,,F8EHF,300,35.0,51,27.0,501.18723362727235,,,27.0,0.5011872336272724,,,v,ND,0.0,,BUJUMBURA,29,E,21,17.0,3,S,23,13.0,29.354722222222225,-3.3869444444444445,0.5123365537861158,-0.0591133321376847,783.0,91.96640014648438,91.96640014648438,,2024-05-28 00:00:00,NOTIFIER,2024-08-25 09:06:55,,RECORDED,RECORDED,False,True,False,False,True,2024-04-03 00:00:00,,,,False,False,,,,,,,,,,96.65,96.95,1
92534376,RECORDED,MAJOR,GE84,120238559,BUJ97.3-2020,,T01,BDI,BDI,92534376,,,,,,2022-01-28 00:00:00,,,1,97.3,,,,NORMAL,,,,,,BC,4,,F8EHF,300,35.0,58,25.0,316.2277660168379,,,25.0,0.3162277660168379,,,v,ND,0.0,,BUJUMBURA,29,E,21,28.0,3,S,23,18.0,29.35777777777778,-3.388333333333333,0.5123898832910377,-0.0591375728217401,790.0,67.83306884765625,67.83306884765625,,2024-05-28 00:00:00,NOTIFIER,2024-08-25 09:33:55,,RECORDED,RECORDED,False,True,False,False,True,2024-04-03 00:00:00,,,,False,False,,,,,,,,,,97.15,97.45,1
92534307,RECORDED,MAJOR,GE84,115030668,2015-19,,T01,BDI,BDI,92534307,,,,,,2022-01-28 00:00:00,,,1,97.9,,,,NORMAL,,,,,,BC,4,,F8EHF,300,35.0,51,20.0,100.0,,,20.0,0.1,,,v,ND,0.0,,BUJUMBURA,29,E,21,17.0,3,S,23,13.0,29.354722222222225,-3.3869444444444445,0.5123365537861158,-0.0591133321376847,783.0,93.77926635742188,93.77926635742188,,2024-05-28 00:00:00,NOTIFIER,2024-08-25 10:07:52,,RECORDED,RECORDED,False,True,False,False,True,2024-04-03 00:00:00,,,,False,False,,,,,,,,,,97.75,98.05,1
92169858,RECORDED,NOT MODIFY,NTFD_RR,120047022,2015-19,2015-19,TB2,BDI,BDI,92169858,,A,6.0,,2005-01-01 00:00:00,2020-03-03 00:00:00,,RR11.2,1,97.9,,,,NORMAL,,,,,,BC,1,,F3EGN,180,75.0,75,20.0,100.0,20.0,0.1,,,,,h,D,0.0,,BUJUMBURA,29,E,21,0.0,3,S,23,0.0,29.35,-3.3833333333333333,0.512254135460327,-0.0590503063591404,780.0,,,,2020-03-03 00:00:00,NOTIFIER,2020-04-21 15:40:00,,RECORDED,RECORDED,False,True,False,False,False,,,,,False,False,,,,,,,,,,97.81,97.99,0
92534309,RECORDED,MAJOR,GE84,115030670,2015-20,,T01,BDI,BDI,92534309,,,,,,2022-01-28 00:00:00,,,1,98.4,,,,NORMAL,,,,,,BC,4,,F8EHF,300,35.0,51,20.0,100.0,,,20.0,0.1,,,v,ND,0.0,,BUJUMBURA,29,E,21,17.0,3,S,23,13.0,29.354722222222225,-3.3869444444444445,0.5123365537861158,-0.0591133321376847,783.0,81.56929779052734,81.56929779052734,,2024-05-28 00:00:00,NOTIFIER,2024-08-25 10:36:50,,RECORDED,RECORDED,False,True,False,False,True,2024-04-03 00:00:00,,,,False,False,,,,,,,,,,98.25,98.55,1
92169861,RECORDED,NOT MODIFY,NTFD_RR,120047025,2015-20,2015-20,TB2,BDI,BDI,92169861,,A,6.0,,2005-01-01 00:00:00,2020-03-03 00:00:00,,RR11.2,1,98.4,,,,NORMAL,,,,,,BC,1,,F3EGN,180,75.0,75,20.0,100.0,20.0,0.1,,,,,h,D,0.0,,BUJUMBURA,29,E,21,0.0,3,S,23,0.0,29.35,-3.3833333333333333,0.512254135460327,-0.0590503063591404,780.0,,,,2020-03-03 00:00:00,NOTIFIER,2020-04-21 15:40:00,,RECORDED,RECORDED,False,True,False,False,False,,,,,False,False,,,,,,,,,,98.31,98.49,0
92534282,RECORDED,MAJOR,GE84,84108070,BUJ-99.4-2021,,T01,BDI,BDI,92534282,,,,,,2022-01-28 00:00:00,,,1,99.4,,,,NORMAL,,,,,,BC,4,,F8EHF,300,30.0,46,20.0,100.0,,,20.0,0.1,,,v,ND,0.0,,BUJUMBURA,29,E,21,17.0,3,S,23,13.0,29.354722222222225,-3.3869444444444445,0.5123365537861158,-0.0591133321376847,783.0,89.28248596191406,89.28248596191406,,2024-05-28 00:00:00,NOTIFIER,2024-08-25 11:35:19,,RECORDED,RECORDED,False,True,False,False,True,2024-04-03 00:00:00,,,,False,False,,,,,,,,,,99.25,99.55,1
92169863,RECORDED,NOT MODIFY,NTFD_RR,120047027,,,TB2,BDI,BDI,92169863,,A,6.0,,1995-01-01 00:00:00,2020-03-03 00:00:00,,RR11.2,1,99.4,,,,NORMAL,,,,,,BC,1,,F3EGN,180,75.0,75,20.9,123.02687708123811,20.9,0.1230268770812381,,,,,h,ND,0.0,,BUJUMBURA,29,E,21,0.0,3,S,23,0.0,29.35,-3.3833333333333333,0.512254135460327,-0.0590503063591404,780.0,,,,2020-03-03 00:00:00,NOTIFIER,2020-04-21 15:40:00,,RECORDED,RECORDED,False,True,False,False,False,,,,,False,False,,,,,,,,,,99.31,99.49,1
92534310,RECORDED,MAJOR,GE84,115030671,2015-21,,T01,BDI,BDI,92534310,,,,,,2022-01-28 00:00:00,,,1,101.4,,,,NORMAL,,,,,,BC,4,,F8EHF,300,35.0,51,20.0,100.0,,,20.0,0.1,,,v,ND,0.0,,BUJUMBURA,29,E,21,17.0,3,S,23,13.0,29.354722222222225,-3.3869444444444445,0.5123365537861158,-0.0591133321376847,783.0,92.5626220703125,92.5626220703125,,2024-05-28 00:00:00,NOTIFIER,2024-08-25 13:39:46,,RECORDED,RECORDED,False,True,False,False,True,2024-04-03 00:00:00,,,,False,False,,,,,,,,,,101.25,101.55,1
92534311,RECORDED,MAJOR,GE84,115030672,2015-22,,T01,BDI,BDI,92534311,,,,,,2022-01-28 00:00:00,,,1,102.1,,,,NORMAL,,,,,,BC,4,,F8EHF,300,35.0,51,20.0,100.0,,,20.0,0.1,,,v,ND,0.0,,BUJUMBURA,29,E,21,17.0,3,S,23,13.0,29.354722222222225,-3.3869444444444445,0.5123365537861158,-0.0591133321376847,783.0,86.73681640625,86.73681640625,,2024-05-28 00:00:00,NOTIFIER,2024-08-25 14:27:40,,RECORDED,RECORDED,False,True,False,False,True,2024-04-03 00:00:00,,,,False,False,,,,,,,,,,101.95,102.25,1
92169865,RECORDED,NOT MODIFY,NTFD_RR,120047029,2015-22,2015-22,TB2,BDI,BDI,92169865,,A,6.0,,2015-01-01 00:00:00,2020-03-03 00:00:00,,RR11.2,1,102.1,,,,NORMAL,,,,,,BC,1,,F3EGN,180,75.0,75,20.0,100.0,20.0,0.1,,,,,h,D,0.0,,BUJUMBURA,29,E,21,0.0,3,S,23,0.0,29.35,-3.3833333333333333,0.512254135460327,-0.0590503063591404,780.0,,,,2020-03-03 00:00:00,NOTIFIER,2020-04-21 15:40:00,,RECORDED,RECORDED,False,True,False,False,False,,,,,False,False,,,,,,,,,,102.01,102.19,0
92534283,RECORDED,MAJOR,GE84,84108071,BUJ-102.9-2021,,T01,BDI,BDI,92534283,,,,,,2022-01-28 00:00:00,,,1,102.9,,,,NORMAL,,,,,,BC,4,,F8EHF,300,30.0,46,20.0,100.0,,,20.0,0.1,,,v,ND,0.0,,BUJUMBURA,29,E,21,17.0,3,S,23,13.0,29.354722222222225,-3.3869444444444445,0.5123365537861158,-0.0591133321376847,783.0,77.91810607910156,77.91810607910156,,2024-05-28 00:00:00,NOTIFIER,2024-08-25 15:21:52,,RECORDED,RECORDED,False,True,False,False,True,2024-04-03 00:00:00,,,,False,False,,,,,,,,,,102.75,103.05,1
92169866,RECORDED,NOT MODIFY,NTFD_RR,120047030,,,TB2,BDI,BDI,92169866,,A,2.0,,1984-01-01 00:00:00,2020-03-03 00:00:00,,RR11.2,1,102.9,,,,NORMAL,,,,,,BC,1,,F3EGN,180,75.0,75,20.9,123.02687708123811,20.9,0.1230268770812381,,,,,h,ND,0.0,,BUJUMBURA,29,E,21,0.0,3,S,23,0.0,29.35,-3.3833333333333333,0.512254135460327,-0.0590503063591404,780.0,,,,2020-03-03 00:00:00,NOTIFIER,2020-04-21 15:40:00,,RECORDED,RECORDED,False,True,False,False,False,,,,,False,False,,,,,,,,,,102.81,102.99,1
92534391,RECORDED,NOT MODIFY,GE84,122002568,BUJ103.3,,T01,BDI,BDI,92534391,,,,,,2022-01-28 00:00:00,,,1,103.3,,,,NORMAL,,,,,,BC,4,,F8EHF,300,30.0,46,20.0,100.0,,,20.0,0.1,,,v,ND,0.0,,BUJUMBURA,29,E,21,17.0,3,S,23,13.0,29.354722222222225,-3.3869444444444445,0.5123365537861158,-0.0591133321376847,783.0,97.49789428710938,97.49789428710938,,2024-05-28 00:00:00,NOTIFIER,2024-08-25 15:48:56,,RECORDED,RECORDED,False,True,False,False,True,2024-04-03 00:00:00,,,,False,False,,,,,,,,,,103.15,103.45,1
92534260,RECORDED,NOT MODIFY,GE84,122002437,BUJUMBURA,,T01,BDI,BDI,92534260,,,,,,2022-01-28 00:00:00,,,1,104.0,,,,NORMAL,,,,,,BC,4,,F8EHF,300,45.0,46,25.0,316.2277660168379,,,25.0,0.3162277660168379,,,v,ND,0.0,,BUJUMBURA,29,E,21,17.0,3,S,23,13.0,29.354722222222225,-3.3869444444444445,0.5123365537861158,-0.0591133321376847,783.0,85.64595031738281,85.64595031738281,,2024-05-28 00:00:00,NOTIFIER,2024-08-25 16:37:08,,RECORDED,RECORDED,False,True,False,False,True,2024-04-03 00:00:00,,,,False,False,,,,,,,,,,103.85,104.15,1
92534257,RECORDED,NOT MODIFY,GE84,122002434,BURURI,,T01,BDI,BDI,92534257,,,,,,2022-01-28 00:00:00,,,1,92.9,,,,NORMAL,,,,,,BC,4,,F8EHF,300,30.0,708,25.0,316.2277660168379,,,25.0,0.3162277660168379,,,v,ND,0.0,,BURURI,29,E,37,10.0,3,S,56,43.0,29.619444444444444,-3.945277777777778,0.5169568281670894,-0.0688580871279862,1887.0,66.24833679199219,66.24833679199219,,2024-05-28 00:00:00,NOTIFIER,2024-08-25 05:17:02,,RECORDED,RECORDED,False,True,False,False,True,2024-04-03 00:00:00,,,,False,False,,,,,,,,,,92.75,93.05,1
92534365,RECORDED,MAJOR,GE84,120238547,Buye96.3-2020,,T01,BDI,BDI,92534365,,,,,,2022-01-28 00:00:00,,,1,96.3,,,,NORMAL,,,,,,BC,4,,F8EHF,300,35.0,461,30.0,1000.0,,,30.0,1.0,,,v,ND,0.0,,BUYE,29,E,49,8.0,2,S,51,45.0,29.81888888888889,-2.8625000000000003,0.5204377903974559,-0.0499600498383368,1841.0,71.38126373291016,71.38126373291016,,2024-05-28 00:00:00,NOTIFIER,2024-08-25 08:39:38,,RECORDED,RECORDED,False,True,False,False,True,2024-04-03 00:00:00,,,,False,False,,,,,,,,,,96.15,96.45,1
92534253,RECORDED,NOT MODIFY,GE84,122002430,CANKUZO,,T01,BDI,BDI,92534253,,,,,,2022-01-28 00:00:00,,,1,95.9,,,,NORMAL,,,,,,BC,4,,F8EHF,300,30.0,220,25.0,316.2277660168379,,,25.0,0.3162277660168379,,,v,ND,0.0,,CANKUZO,30,E,32,56.0,3,S,13,3.0,30.54888888888889,-3.2175,0.5331786939370143,-0.0561559686829166,1618.0,68.03450775146484,68.03450775146484,,2024-05-28 00:00:00,NOTIFIER,2024-08-25 08:14:59,,RECORDED,RECORDED,False,True,False,False,True,2024-04-03 00:00:00,,,,False,False,,,,,,,,,,95.75,96.05,1
92534366,RECORDED,MAJOR,GE84,120238548,CIB97-2020,,T01,BDI,BDI,92534366,,,,,,2022-01-28 00:00:00,,,1,97.0,,,,NORMAL,,,,,,BC,4,,F8EHF,300,35.0,111,25.0,316.2277660168379,,,25.0,0.3162277660168379,,,v,ND,0.0,,CIBITOKE,29,E,7,15.0,2,S,56,56.0,29.120833333333334,-2.9488888888888893,0.5082544225911735,-0.0514678203865874,902.0,93.39910125732422,93.39910125732422,,2024-05-28 00:00:00,NOTIFIER,2024-08-25 09:18:10,,RECORDED,RECORDED,False,True,False,False,True,2024-04-03 00:00:00,,,,False,False,,,,,,,,,,96.85,97.15,1
92534247,RECORDED,NOT MODIFY,GE84,122002424,CIBITOKE,,T01,BDI,BDI,92534247,,,,,,2022-01-28 00:00:00,,,1,104.1,,,,NORMAL,,,,,,BC,4,,F8EHF,300,30.0,123,25.0,316.2277660168379,,,25.0,0.3162277660168379,,,v,ND,0.0,,CIBITOKE,29,E,7,26.0,2,S,53,12.0,29.12388888888889,-2.8866666666666667,0.5083077520960955,-0.0503818377409021,938.0,75.6705551147461,75.6705551147461,,2024-05-28 00:00:00,NOTIFIER,2024-08-25 16:44:16,,RECORDED,RECORDED,False,True,False,False,True,2024-04-03 00:00:00,,,,False,False,,,,,,,,,,103.95,104.25,1
1503542,RECORDED,,NTFD_RR,80208071,,,1A4,BDI,BDI,1503542,,A,,,1966-08-01 00:00:00,,,,1,92.6,,,,,,,,,,BC,,,F3E--,180,30.0,150,24.0,251.188643150958,24.0,0.251188643150958,,,,,h,ND,0.0,,CORDAC,29,E,21,0.0,3,S,23,0.0,29.35,-3.3833333333333333,0.512254135460327,-0.0590503063591404,,,,H,1974-10-21 00:00:00,NOTIFIER,2020-02-06 13:58:54,,RECORDED,RECORDED,False,True,False,False,False,,,,,False,False,,,,,,,,,,92.51,92.69,1
92534251,RECORDED,NOT MODIFY,GE84,122002428,GITEGA,,T01,BDI,BDI,92534251,,,,,,2022-01-28 00:00:00,,,1,87.6,,,,NORMAL,,,,,,BC,3,,F8EHF,200,30.0,86,25.0,316.2277660168379,,,25.0,0.3162277660168379,,,v,ND,0.0,,GITEGA,29,E,51,32.0,3,S,21,48.0,29.85888888888889,-3.3633333333333333,0.5211359220982537,-0.0587012405087416,1626.0,84.04916381835938,84.04916381835938,,2024-05-28 00:00:00,NOTIFIER,2024-08-24 23:58:09,,RECORDED,RECORDED,False,True,False,False,True,2024-04-03 00:00:00,,,,False,False,,,,,,,,,,87.5,87.69999999999999,1
92534371,RECORDED,MAJOR,GE84,120238553,GIT92.5-2020,,T01,BDI,BDI,92534371,,,,,,2022-01-28 00:00:00,,,1,92.2,,,,NORMAL,,,,,,BC,4,,F8EHF,300,35.0,91,20.0,100.0,,,20.0,0.1,,,v,ND,0.0,,GITEGA,29,E,51,32.0,3,S,21,48.0,29.85888888888889,-3.3633333333333333,0.5211359220982537,-0.0587012405087416,1626.0,79.31195831298828,79.31195831298828,,2024-05-28 00:00:00,NOTIFIER,2024-08-25 04:38:08,,RECORDED,RECORDED,False,True,False,False,True,2024-04-03 00:00:00,,,,False,False,,,,,,,,,,92.05,92.35,1
92534342,RECORDED,MAJOR,GE84,115030714,2015-64,,T01,BDI,BDI,92534342,,,,,,2022-01-28 00:00:00,,,1,96.5,,,,NORMAL,,,,,,BC,4,,F8EHF,300,30.0,204,24.0,251.188643150958,,,24.0,0.251188643150958,,,v,ND,0.0,,GITEGA,29,E,55,46.0,3,S,25,44.0,29.92944444444445,-3.428888888888889,0.5223673488482719,-0.0598454007961601,1687.0,94.4608383178711,94.4608383178711,,2024-05-28 00:00:00,NOTIFIER,2024-08-25 08:50:53,,RECORDED,RECORDED,False,True,False,False,True,2024-04-03 00:00:00,,,,False,False,,,,,,,,,,96.35,96.65,1
92169856,RECORDED,NOT MODIFY,NTFD_RR,120047020,2015-64,2015-64,TB2,BDI,BDI,92169856,,A,6.0,,2010-01-01 00:00:00,2020-03-03 00:00:00,,RR11.2,1,96.5,,,,NORMAL,,,,,,BC,1,,F3EGN,180,80.0,254,25.0,316.2277660168379,25.0,0.3162277660168379,,,,,h,ND,0.0,,GITEGA,29,E,55,46.0,3,S,25,44.0,29.92944444444445,-3.428888888888889,0.5223673488482719,-0.0598454007961601,1686.0,,,,2020-03-03 00:00:00,NOTIFIER,2020-04-21 15:40:00,,RECORDED,RECORDED,False,True,False,False,False,,,,,False,False,,,,,,,,,,96.41,96.59,1
92534343,RECORDED,MAJOR,GE84,115030715,2015-65,,T01,BDI,BDI,92534343,,,,,,2022-01-28 00:00:00,,,1,98.4,,,,NORMAL,,,,,,BC,4,,F8EHF,300,30.0,204,24.0,251.188643150958,,,24.0,0.251188643150958,,,v,ND,0.0,,GITEGA,29,E,55,46.0,3,S,25,44.0,29.92944444444445,-3.428888888888889,0.5223673488482719,-0.0598454007961601,1687.0,81.20748901367188,81.20748901367188,,2024-05-28 00:00:00,NOTIFIER,2024-08-25 10:36:50,,RECORDED,RECORDED,False,True,False,False,True,2024-04-03 00:00:00,,,,False,False,,,,,,,,,,98.25,98.55,1
92169860,RECORDED,NOT MODIFY,NTFD_RR,120047024,2015-65,2015-65,TB2,BDI,BDI,92169860,,A,6.0,,2003-01-01 00:00:00,2020-03-03 00:00:00,,RR11.2,1,98.4,,,,NORMAL,,,,,,BC,1,,F3EGN,180,80.0,254,25.0,316.2277660168379,25.0,0.3162277660168379,,,,,h,ND,0.0,,GITEGA,29,E,55,46.0,3,S,25,44.0,29.92944444444445,-3.428888888888889,0.5223673488482719,-0.0598454007961601,1686.0,,,,2020-03-03 00:00:00,NOTIFIER,2020-04-21 15:40:00,,RECORDED,RECORDED,False,True,False,False,False,,,,,False,False,,,,,,,,,,98.31,98.49,1
92534344,RECORDED,MAJOR,GE84,115030716,2015-66,,T01,BDI,BDI,92534344,,,,,,2022-01-28 00:00:00,,,1,99.6,,,,NORMAL,,,,,,BC,4,,F8EHF,300,30.0,204,24.0,251.188643150958,,,24.0,0.251188643150958,,,v,ND,0.0,,GITEGA,29,E,55,46.0,3,S,25,44.0,29.92944444444445,-3.428888888888889,0.5223673488482719,-0.0598454007961601,1687.0,81.1132583618164,81.1132583618164,,2024-05-28 00:00:00,NOTIFIER,2024-08-25 11:46:49,,RECORDED,RECORDED,False,True,False,False,True,2024-04-03 00:00:00,,,,False,False,,,,,,,,,,99.45,99.75,1
92169864,RECORDED,NOT MODIFY,NTFD_RR,120047028,2015-66,2015-66,TB2,BDI,BDI,92169864,,A,6.0,,2012-01-01 00:00:00,2020-03-03 00:00:00,,RR11.2,1,99.6,,,,NORMAL,,,,,,BC,1,,F3EGN,180,80.0,254,25.0,316.2277660168379,25.0,0.3162277660168379,,,,,h,ND,0.0,,GITEGA,29,E,55,46.0,3,S,25,44.0,29.92944444444445,-3.428888888888889,0.5223673488482719,-0.0598454007961601,1686.0,,,,2020-03-03 00:00:00,NOTIFIER,2020-04-21 15:40:00,,RECORDED,RECORDED,False,True,False,False,False,,,,,False,False,,,,,,,,,,99.51,99.69,1
92534345,RECORDED,MAJOR,GE84,115030717,2015-67,,T01,BDI,BDI,92534345,,,,,,2022-01-28 00:00:00,,,1,104.1,,,,NORMAL,,,,,,BC,4,,F8EHF,300,30.0,204,20.0,100.0,,,20.0,0.1,,,v,ND,0.0,,GITEGA,29,E,55,46.0,3,S,25,44.0,29.92944444444445,-3.428888888888889,0.5223673488482719,-0.0598454007961601,1687.0,88.26985168457031,88.26985168457031,,2024-05-28 00:00:00,NOTIFIER,2024-08-25 16:44:16,,RECORDED,RECORDED,False,True,False,False,True,2024-04-03 00:00:00,,,,False,False,,,,,,,,,,103.95,104.25,1
92169867,RECORDED,NOT MODIFY,NTFD_RR,120047031,2015-67,2015-67,TB2,BDI,BDI,92169867,,A,6.0,,2015-01-01 00:00:00,2020-03-03 00:00:00,,RR11.2,1,104.1,,,,NORMAL,,,,,,BC,1,,F3EGN,180,80.0,254,20.0,100.0,20.0,0.1,,,,,h,ND,0.0,,GITEGA,29,E,55,46.0,3,S,25,44.0,29.92944444444445,-3.428888888888889,0.5223673488482719,-0.0598454007961601,1686.0,,,,2020-03-03 00:00:00,NOTIFIER,2020-04-21 15:40:00,,RECORDED,RECORDED,False,True,False,False,False,,,,,False,False,,,,,,,,,,104.01,104.19,1
92534355,RECORDED,MAJOR,GE84,120238536,INANZ88.0-2020,,T01,BDI,BDI,92534355,,,,,,2022-01-28 00:00:00,,,1,88.0,,,,NORMAL,,,,,,BC,4,,F8EHF,300,35.0,934,28.0,630.9573444801932,,,28.0,0.6309573444801932,,,v,ND,0.0,,INANZERWE,29,E,44,21.0,4,S,3,51.0,29.739166666666662,-4.064166666666667,0.5190463751326715,-0.070933089683135,2486.0,98.79035949707033,98.79035949707033,,2024-05-28 00:00:00,NOTIFIER,2024-08-25 00:23:52,,RECORDED,RECORDED,False,True,False,False,True,2024-04-03 00:00:00,,,,False,False,,,,,,,,,,87.85,88.15,1
92534357,RECORDED,MAJOR,GE84,120238538,INANZ89.9-2020,,T01,BDI,BDI,92534357,,,,,,2022-01-28 00:00:00,,,1,89.9,,,,NORMAL,,,,,,BC,4,,F8EHF,300,25.0,924,28.0,630.9573444801932,,,28.0,0.6309573444801932,,,v,ND,0.0,,INANZERWE,29,E,44,21.0,4,S,3,51.0,29.739166666666662,-4.064166666666667,0.5190463751326715,-0.070933089683135,2486.0,65.08634948730469,65.08634948730469,,2024-05-28 00:00:00,NOTIFIER,2024-08-25 02:24:29,,RECORDED,RECORDED,False,True,False,False,True,2024-04-03 00:00:00,,,,False,False,,,,,,,,,,89.75,90.05000000000001,1
92534356,RECORDED,MAJOR,GE84,120238537,INANZ102.2-2020,,T01,BDI,BDI,92534356,,,,,,2022-01-28 00:00:00,,,1,102.2,,,,NORMAL,,,,,,BC,4,,F8EHF,300,35.0,934,28.0,630.9573444801932,,,28.0,0.6309573444801932,,,v,ND,0.0,,INANZERWE,29,E,44,21.0,4,S,3,51.0,29.739166666666662,-4.064166666666667,0.5190463751326715,-0.070933089683135,2486.0,67.64008331298828,67.64347839355469,,2024-05-28 00:00:00,NOTIFIER,2024-08-25 14:34:21,,RECORDED,RECORDED,False,True,False,False,True,2024-04-03 00:00:00,,,,False,False,,,,,,,,,,102.05,102.35,1
92534358,RECORDED,MAJOR,GE84,120238539,INANZ104.1-2020,,T01,BDI,BDI,92534358,,,,,,2022-01-28 00:00:00,,,1,104.1,,,,NORMAL,,,,,,BC,4,,F8EHF,300,35.0,934,28.0,630.9573444801932,,,28.0,0.6309573444801932,,,v,ND,0.0,,INANZERWE,29,E,44,21.0,4,S,3,51.0,29.739166666666662,-4.064166666666667,0.5190463751326715,-0.070933089683135,2486.0,68.62361907958984,68.62361907958984,,2024-05-28 00:00:00,NOTIFIER,2024-08-25 16:44:16,,RECORDED,RECORDED,False,True,False,False,True,2024-04-03 00:00:00,,,,False,False,,,,,,,,,,103.95,104.25,1
81000163,RECORDED,,GE06D,106501477,BDI202,,DS1,BDI,BDI,81000163,,,,,,2006-06-07 00:00:00,,,1,187.072,,,,,,,,,,BC,,,X7EXF,1536,55.0,431,30.0,1000.0,30.0,1.0,,,,,h,ND,0.0,,INANZERWE,29,E,45,0.0,4,S,3,0.0,29.75,-4.05,0.5192354524683043,-0.0706858347057691,1941.0,,,,2006-06-08 00:00:00,ITU,2019-03-03 02:46:55,,RECORDED,RECORDED,False,True,False,True,False,,,1.0,S,False,False,,,,1,,RPC4,6D,,,186.304,187.84,1
92534360,RECORDED,MAJOR,GE84,120238542,KAB90.5-2020,,T01,BDI,BDI,92534360,,,,,,2022-01-28 00:00:00,,,1,90.5,,,,NORMAL,,,,,,BC,4,,F8EHF,300,35.0,1005,28.0,630.9573444801932,,,28.0,0.6309573444801932,,,v,ND,0.0,,KABERENGE,29,E,33,46.0,4,S,6,48.0,29.56277777777778,-4.113333333333333,0.5159678082576261,-0.0717912098986988,1769.0,83.25654602050781,83.25654602050781,,2024-05-28 00:00:00,NOTIFIER,2024-08-25 03:00:15,,RECORDED,RECORDED,False,True,False,False,True,2024-04-03 00:00:00,,,,False,False,,,,,,,,,,90.35,90.65,1
92534361,RECORDED,MAJOR,GE84,120238543,KAB92.6-2020,,T01,BDI,BDI,92534361,,,,,,2022-01-28 00:00:00,,,1,92.6,,,,NORMAL,,,,,,BC,4,,F8EHF,300,35.0,1005,30.0,1000.0,,,30.0,1.0,,,v,ND,0.0,,KABERENGE,29,E,33,46.0,4,S,6,48.0,29.56277777777778,-4.113333333333333,0.5159678082576261,-0.0717912098986988,1769.0,66.47929382324219,66.47929382324219,,2024-05-28 00:00:00,NOTIFIER,2024-08-25 05:00:37,,RECORDED,RECORDED,False,True,False,False,True,2024-04-03 00:00:00,,,,False,False,,,,,,,,,,92.45,92.75,1
92534362,RECORDED,MAJOR,GE84,120238544,KAB93.3-2020,,T01,BDI,BDI,92534362,,,,,,2022-01-28 00:00:00,,,1,93.3,,,,NORMAL,,,,,,BC,4,,F8EHF,300,35.0,1005,30.0,1000.0,,,30.0,1.0,,,v,ND,0.0,,KABERENGE,29,E,33,46.0,4,S,6,48.0,29.56277777777778,-4.113333333333333,0.5159678082576261,-0.0717912098986988,1769.0,102.15149688720705,102.15149688720705,,2024-05-28 00:00:00,NOTIFIER,2024-08-25 05:39:25,,RECORDED,RECORDED,False,True,False,False,True,2024-04-03 00:00:00,,,,False,False,,,,,,,,,,93.15,93.45,1
92534364,RECORDED,MAJOR,GE84,120238546,KAB94.7-2020,,T01,BDI,BDI,92534364,,,,,,2022-01-28 00:00:00,,,1,94.7,,,,NORMAL,,,,,,BC,4,,F8EHF,300,35.0,1005,30.0,1000.0,,,30.0,1.0,,,v,ND,0.0,,KABERENGE,29,E,33,46.0,4,S,6,48.0,29.56277777777778,-4.113333333333333,0.5159678082576261,-0.0717912098986988,1769.0,80.31293487548828,80.31293487548828,,2024-05-28 00:00:00,NOTIFIER,2024-08-25 07:01:03,,RECORDED,RECORDED,False,True,False,False,True,2024-04-03 00:00:00,,,,False,False,,,,,,,,,,94.55,94.85,1
92534368,RECORDED,MAJOR,GE84,120238550,KAB97.7-2020,,T01,BDI,BDI,92534368,,,,,,2022-01-28 00:00:00,,,1,97.7,,,,NORMAL,,,,,,BC,4,,F8EHF,300,35.0,1005,30.0,1000.0,,,30.0,1.0,,,v,ND,0.0,,KABERENGE,29,E,33,46.0,4,S,6,48.0,29.56277777777778,-4.113333333333333,0.5159678082576261,-0.0717912098986988,1769.0,104.47113037109376,104.47113037109376,,2024-05-28 00:00:00,NOTIFIER,2024-08-25 09:57:04,,RECORDED,RECORDED,False,True,False,False,True,2024-04-03 00:00:00,,,,False,False,,,,,,,,,,97.55,97.85,1
92534369,RECORDED,MAJOR,GE84,120238551,KAB98-2020,,T01,BDI,BDI,92534369,,,,,,2022-01-28 00:00:00,,,1,98.0,,,,NORMAL,,,,,,BC,4,,F8EHF,300,35.0,1005,30.0,1000.0,,,30.0,1.0,,,v,ND,0.0,,KABERENGE,29,E,33,46.0,4,S,6,48.0,29.56277777777778,-4.113333333333333,0.5159678082576261,-0.0717912098986988,1769.0,100.11067199707033,100.11067199707033,,2024-05-28 00:00:00,NOTIFIER,2024-08-25 10:14:08,,RECORDED,RECORDED,False,True,False,False,True,2024-04-03 00:00:00,,,,False,False,,,,,,,,,,97.85,98.15,1
92534370,RECORDED,MAJOR,GE84,120238552,KAB100.4-2020,,T01,BDI,BDI,92534370,,,,,,2022-01-28 00:00:00,,,1,100.4,,,,NORMAL,,,,,,BC,4,,F8EHF,300,35.0,1005,30.0,1000.0,,,30.0,1.0,,,v,ND,0.0,,KABERENGE,29,E,33,46.0,4,S,6,48.0,29.56277777777778,-4.113333333333333,0.5159678082576261,-0.0717912098986988,1769.0,83.79911041259766,83.79911041259766,,2024-05-28 00:00:00,NOTIFIER,2024-08-25 12:34:38,,RECORDED,RECORDED,False,True,False,False,True,2024-04-03 00:00:00,,,,False,False,,,,,,,,,,100.25,100.55,1
92360860,RECORDED,NOT MODIFY,GE84,120238541,KAY90.4-2020,,T01,BDI,BDI,92360860,,,,,,2022-01-28 00:00:00,,,1,90.4,,,,NORMAL,,,,,,BC,4,,F8EHF,300,35.0,249,20.0,100.0,,,20.0,0.1,,,v,ND,0.0,,KAYANZA,29,E,38,19.0,2,S,56,16.0,29.63861111111111,-2.937777777777778,0.517291349607055,-0.0512738949141436,1881.0,85.01332092285156,85.01332092285156,,2024-05-28 00:00:00,NOTIFIER,2024-08-25 02:54:08,,RECORDED,RECORDED,False,True,False,False,True,2024-04-03 00:00:00,,,,False,False,,,,,,,,,,90.25,90.55,1
92534248,RECORDED,NOT MODIFY,GE84,122002425,KAYANZA,,T01,BDI,BDI,92534248,,,,,,2022-01-28 00:00:00,,,1,103.0,,,,NORMAL,,,,,,BC,4,,F8EHF,300,30.0,223,25.0,316.2277660168379,,,25.0,0.3162277660168379,,,v,ND,0.0,,KAYANZA,29,E,37,36.0,2,S,55,5.0,29.62666666666667,-2.918055555555556,0.517082879724178,-0.0509296772005559,1889.0,71.92613220214844,71.92613220214844,,2024-05-28 00:00:00,NOTIFIER,2024-08-25 15:29:01,,RECORDED,RECORDED,False,True,False,False,True,2024-04-03 00:00:00,,,,False,False,,,,,,,,,,102.85,103.15,1
92534352,RECORDED,NOT MODIFY,GE84,122002529,KIR102.1,,T01,BDI,BDI,92534352,,,,,,2022-01-28 00:00:00,,,1,102.1,,,,NORMAL,,,,,,BC,4,,F8EHF,300,30.0,78,25.0,316.2277660168379,,,25.0,0.3162277660168379,,,v,ND,0.0,,KIRUNDO,30,E,5,36.0,2,S,35,16.0,30.093333333333334,-2.5877777777777777,0.5252277495668181,-0.0451652425321636,1413.0,90.3002700805664,90.30437469482422,,2024-05-28 00:00:00,NOTIFIER,2024-08-25 14:27:40,,RECORDED,RECORDED,False,True,False,False,True,2024-04-03 00:00:00,,,,False,False,,,,,,,,,,101.95,102.25,1
92534259,RECORDED,NOT MODIFY,GE84,122002436,MAGARA,,T01,BDI,BDI,92534259,,,,,,2022-01-28 00:00:00,,,1,92.0,,,,NORMAL,,,,,,BC,4,,F8EHF,300,30.0,49,25.0,316.2277660168379,,,25.0,0.3162277660168379,,,v,ND,0.0,,MAGARA,29,E,19,9.0,3,S,43,40.0,29.319166666666668,-3.727777777777778,0.5117159922742955,-0.0650619960048986,786.0,70.35713195800781,70.35713195800781,,2024-05-28 00:00:00,NOTIFIER,2024-08-25 04:27:26,,RECORDED,RECORDED,False,True,False,False,True,2024-04-03 00:00:00,,,,False,False,,,,,,,,,,91.85,92.15,1
92534256,RECORDED,NOT MODIFY,GE84,122002433,MAKAMBA,,T01,BDI,BDI,92534256,,,,,,2022-01-28 00:00:00,,,1,92.0,,,,NORMAL,,,,,,BC,4,,F8EHF,300,30.0,149,25.0,316.2277660168379,,,25.0,0.3162277660168379,,,v,ND,0.0,,MAKAMBA,29,E,48,16.0,4,S,6,8.0,29.80444444444445,-4.102222222222222,0.520185687283279,-0.071597284426255,1515.0,67.05696868896484,67.05696868896484,,2024-05-28 00:00:00,NOTIFIER,2024-08-25 04:27:26,,RECORDED,RECORDED,False,True,False,False,True,2024-04-03 00:00:00,,,,False,False,,,,,,,,,,91.85,92.15,1
92534268,RECORDED,NOT MODIFY,GE84,122002445,MAKAMBA-1,,T01,BDI,BDI,92534268,,,,,,2022-01-28 00:00:00,,,1,107.7,,,,NORMAL,,,,,,BC,4,,F8EHF,300,30.0,149,25.0,316.2277660168379,,,25.0,0.3162277660168379,,,v,ND,0.0,,MAKAMBA,29,E,48,16.0,4,S,6,8.0,29.80444444444445,-4.102222222222222,0.520185687283279,-0.071597284426255,1515.0,65.89833068847656,65.89833068847656,,2024-05-28 00:00:00,NOTIFIER,2024-08-25 21:19:24,,RECORDED,RECORDED,False,True,False,False,True,2024-04-03 00:00:00,,,,False,False,,,,,,,,,,107.55,107.85,1
92360873,RECORDED,NOT MODIFY,GE84,120238554,MANG89.4-2020,,T01,BDI,BDI,92360873,,,,,,2022-01-28 00:00:00,,,1,89.4,,,,NORMAL,,,,,,BC,4,,F8EHF,300,35.0,1185,34.0,2511.8864315095802,,,34.0,2.51188643150958,,,v,ND,0.0,,MANGA,29,E,30,57.0,3,S,25,45.0,29.515833333333333,-3.4291666666666667,0.515148473136551,-0.0598502489329712,2512.0,79.33100891113281,79.33100891113281,,2024-05-28 00:00:00,NOTIFIER,2024-08-25 01:55:07,,RECORDED,RECORDED,False,True,False,False,True,2024-04-03 00:00:00,,,,False,False,,,,,,,,,,89.25,89.55000000000001,1
92534372,RECORDED,MAJOR,GE84,120238555,MANG93.5-2020,,T01,BDI,BDI,92534372,,,,,,2022-01-28 00:00:00,,,1,93.5,,,,NORMAL,,,,,,BC,4,,F8EHF,300,35.0,1185,30.0,1000.0,,,30.0,1.0,,,v,ND,0.0,,MANGA,29,E,30,57.0,3,S,25,45.0,29.515833333333333,-3.4291666666666667,0.515148473136551,-0.0598502489329712,2512.0,86.11392974853516,86.11392974853516,,2024-05-28 00:00:00,NOTIFIER,2024-08-25 05:50:22,,RECORDED,RECORDED,False,True,False,False,True,2024-04-03 00:00:00,,,,False,False,,,,,,,,,,93.35,93.65,1
92534373,RECORDED,MAJOR,GE84,120238556,MANG100.4-2020,,T01,BDI,BDI,92534373,,,,,,2022-01-28 00:00:00,,,1,100.4,,,,NORMAL,,,,,,BC,4,,F8EHF,300,35.0,1185,30.0,1000.0,,,30.0,1.0,,,v,ND,0.0,,MANGA,29,E,31,0.0,3,S,23,0.0,29.516666666666666,-3.3833333333333333,0.5151630175469842,-0.0590503063591404,2512.0,98.0268096923828,98.0268096923828,,2024-05-28 00:00:00,NOTIFIER,2024-08-25 12:34:38,,RECORDED,RECORDED,False,True,False,False,True,2024-04-03 00:00:00,,,,False,False,,,,,,,,,,100.25,100.55,1
92534374,RECORDED,MAJOR,GE84,120238557,MANG106.3-2020,,T01,BDI,BDI,92534374,,,,,,2022-01-28 00:00:00,,,1,106.3,,,,NORMAL,,,,,,BC,4,,F8EHF,300,35.0,1175,30.0,1000.0,,,30.0,1.0,,,v,ND,0.0,,MANGA,29,E,31,0.0,3,S,23,0.0,29.516666666666666,-3.3833333333333333,0.5151630175469842,-0.0590503063591404,2512.0,91.4480438232422,91.4480438232422,,2024-05-28 00:00:00,NOTIFIER,2024-08-25 19:28:07,,RECORDED,RECORDED,False,True,False,False,True,2024-04-03 00:00:00,,,,False,False,,,,,,,,,,106.15,106.45,1
81000162,RECORDED,,GE06D,106501076,BDI201,,DS1,BDI,BDI,81000162,,,,,,2006-06-07 00:00:00,,,1,183.648,,,,,,,,,,BC,,,X7EXF,1536,120.0,803,35.0,3162.2776601683795,35.0,3.1622776601683795,,,,,h,ND,0.0,,MANGA,29,E,31,0.0,3,S,23,0.0,29.516666666666666,-3.3833333333333333,0.5151630175469842,-0.0590503063591404,1903.0,,,,2006-06-08 00:00:00,ITU,2019-03-03 02:46:55,,RECORDED,RECORDED,False,True,False,True,False,,,1.0,S,False,False,,,,1,,RPC4,6B,,,182.88,184.416,1
92534262,RECORDED,NOT MODIFY,GE84,122002439,BIRIME,,T01,BDI,BDI,92534262,,,,,,2022-01-28 00:00:00,,,1,93.2,,,,NORMAL,,,,,,BC,4,,F8EHF,300,45.0,629,30.0,1000.0,,,30.0,1.0,,,v,ND,0.0,,MONT BIRIME,30,E,24,9.0,3,S,18,27.0,30.4025,-3.3075,0.5306237258375671,-0.0577267650097114,2052.0,79.81523895263672,79.81523895263672,,2024-05-28 00:00:00,NOTIFIER,2024-08-25 05:34:00,,RECORDED,RECORDED,False,True,False,False,True,2024-04-03 00:00:00,,,,False,False,,,,,,,,,,93.05,93.35,1
92534264,RECORDED,NOT MODIFY,GE84,122002441,INANZERWE,,T01,BDI,BDI,92534264,,,,,,2022-01-28 00:00:00,,,1,93.8,,,,NORMAL,,,,,,BC,4,,F8EHF,300,45.0,944,30.0,1000.0,,,30.0,1.0,,,v,ND,0.0,,MONT INANZERWE,29,E,44,21.0,4,S,3,51.0,29.739166666666662,-4.064166666666667,0.5190463751326715,-0.070933089683135,2486.0,65.0058822631836,65.0058822631836,,2024-05-28 00:00:00,NOTIFIER,2024-08-25 06:05:55,,RECORDED,RECORDED,False,True,False,False,True,2024-04-03 00:00:00,,,,False,False,,,,,,,,,,93.65,93.95,1
92534265,RECORDED,NOT MODIFY,GE84,122002442,KABERENGE,,T01,BDI,BDI,92534265,,,,,,2022-01-28 00:00:00,,,1,99.4,,,,NORMAL,,,,,,BC,4,,F8EHF,300,45.0,1015,30.0,1000.0,,,30.0,1.0,,,v,ND,0.0,,MONT KABERENGE,29,E,33,46.0,4,S,6,48.0,29.56277777777778,-4.113333333333333,0.5159678082576261,-0.0717912098986988,1769.0,74.46411895751953,74.46411895751953,,2024-05-28 00:00:00,NOTIFIER,2024-08-25 11:35:19,,RECORDED,RECORDED,False,True,False,False,True,2024-04-03 00:00:00,,,,False,False,,,,,,,,,,99.25,99.55,1
92534261,RECORDED,NOT MODIFY,GE84,122002438,MANGA,,T01,BDI,BDI,92534261,,,,,,2022-01-28 00:00:00,,,1,96.6,,,,NORMAL,,,,,,BC,4,,F8EHF,300,45.0,1195,33.0,1995.2623149688795,,,33.0,1.9952623149688795,,,v,ND,0.0,,MONT MANGA,29,E,30,57.0,3,S,25,45.0,29.515833333333333,-3.4291666666666667,0.515148473136551,-0.0598502489329712,2512.0,96.9096221923828,96.9096221923828,,2024-05-28 00:00:00,NOTIFIER,2024-08-25 08:56:12,,RECORDED,RECORDED,False,True,False,False,True,2024-04-03 00:00:00,,,,False,False,,,,,,,,,,96.45,96.75,1
92534263,RECORDED,NOT MODIFY,GE84,122002440,MUTUMBA,,T01,BDI,BDI,92534263,,,,,,2022-01-28 00:00:00,,,1,93.7,,,,NORMAL,,,,,,BC,4,,F8EHF,300,45.0,515,28.0,630.9573444801932,,,28.0,0.6309573444801932,,,v,ND,0.0,,MONT MUTUMBA,30,E,2,26.0,2,S,39,52.0,30.04055555555556,-2.6644444444444444,0.52430660357271,-0.0465033282920259,1854.0,74.98330688476562,74.98330688476562,,2024-05-28 00:00:00,NOTIFIER,2024-08-25 06:01:38,,RECORDED,RECORDED,False,True,False,False,True,2024-04-03 00:00:00,,,,False,False,,,,,,,,,,93.55,93.85,1
81000168,RECORDED,,GE06D,106500871,BDI207,,DS1,BDI,BDI,81000168,,,,,,2006-06-01 00:00:00,,,1,181.936,,,,,,,,,,BC,,,X7EXF,1536,40.0,544,30.0,1000.0,30.0,1.0,,,,,h,ND,0.0,,MPINGA,30,E,8,0.0,3,S,48,0.0,30.133333333333333,-3.8,0.5259258812676157,-0.0663225115757834,1908.0,,,,2006-06-08 00:00:00,ITU,2019-03-03 02:46:55,,RECORDED,RECORDED,False,True,False,True,False,,,1.0,S,False,False,,,,1,,RPC4,6A,,,181.168,182.704,1
92534285,RECORDED,MAJOR,GE84,84108077,BIRI-87.9-2021,,T01,BDI,BDI,92534285,,,,,,2022-01-28 00:00:00,,,1,87.9,,,,NORMAL,,,,,,BC,4,,F8EHF,300,30.0,614,30.0,1000.0,,,30.0,1.0,,,v,ND,0.0,,MT BIRIME,30,E,24,9.0,3,S,18,27.0,30.4025,-3.3075,0.5306237258375671,-0.0577267650097114,2052.0,95.59053802490234,95.59053802490234,,2024-05-28 00:00:00,NOTIFIER,2024-08-25 00:16:27,,RECORDED,RECORDED,False,True,False,False,True,2024-04-03 00:00:00,,,,False,False,,,,,,,,,,87.75,88.05000000000001,1
92534331,RECORDED,MAJOR,GE84,115030703,2015-53,,T01,BDI,BDI,92534331,,,,,,2022-01-28 00:00:00,,,1,89.3,,,,NORMAL,,,,,,BC,4,,F8EHF,300,30.0,614,30.0,1000.0,,,30.0,1.0,,,v,ND,0.0,,MT BIRIME,30,E,24,9.0,3,S,18,27.0,30.4025,-3.3075,0.5306237258375671,-0.0577267650097114,2052.0,98.20008850097656,98.20008850097656,,2024-05-28 00:00:00,NOTIFIER,2024-08-25 01:49:49,,RECORDED,RECORDED,False,True,False,False,True,2024-04-03 00:00:00,,,,False,False,,,,,,,,,,89.14999999999999,89.45,1
92353913,RECORDED,NOT MODIFY,NTFD_RR,120231594,2015-53,2015-53,TB2,BDI,BDI,92353913,,A,6.0,,2010-01-01 00:00:00,2020-09-19 00:00:00,,RR11.2,1,89.3,,,,NORMAL,,,,,,BC,1,,F3EGN,180,40.0,427,30.0,1000.0,30.0,1.0,,,,,h,ND,0.0,,MT BIRIME,30,E,24,0.0,3,S,18,0.0,30.4,-3.3,0.5305800926062672,-0.0575958653158119,1879.0,,,,2020-09-19 00:00:00,NOTIFIER,2020-11-03 15:59:22,,RECORDED,RECORDED,False,True,False,False,False,,,,,False,False,,,,,,,,,,89.21,89.39,1
92534286,RECORDED,MAJOR,GE84,84108078,BIR-91-2021,,T01,BDI,BDI,92534286,,,,,,2022-01-28 00:00:00,,,1,91.0,,,,NORMAL,,,,,,BC,4,,F8EHF,300,30.0,614,30.0,1000.0,,,30.0,1.0,,,v,ND,0.0,,MT BIRIME,30,E,24,9.0,3,S,18,27.0,30.4025,-3.3075,0.5306237258375671,-0.0577267650097114,2052.0,73.07642364501953,73.07642364501953,,2024-05-28 00:00:00,NOTIFIER,2024-08-25 03:30:11,,RECORDED,RECORDED,False,True,False,False,True,2024-04-03 00:00:00,,,,False,False,,,,,,,,,,90.85,91.15,1
92169841,RECORDED,NOT MODIFY,NTFD_RR,120047005,,,TB2,BDI,BDI,92169841,,A,6.0,,2010-01-01 00:00:00,2020-03-03 00:00:00,,RR11.2,1,91.0,,,,NORMAL,,,,,,BC,1,,F3EGN,180,40.0,4,33.0,1995.2623149688795,33.0,1.9952623149688795,,,,,h,ND,0.0,,MT BIRIME,30,E,24,0.0,3,S,18,0.0,30.4,-3.3,0.5305800926062672,-0.0575958653158119,2060.0,,,,2020-03-03 00:00:00,NOTIFIER,2020-04-21 15:40:00,,RECORDED,RECORDED,False,True,False,False,False,,,,,False,False,,,,,,,,,,90.91,91.09,1
92534272,RECORDED,MAJOR,GE84,84039544,BIR-94.2-2021,,T01,BDI,BDI,92534272,,,,,,2022-01-28 00:00:00,,,1,94.2,,,,NORMAL,,,,,,BC,4,,F8EHF,300,40.0,600,30.0,1000.0,,,30.0,1.0,,,v,ND,0.0,,MT BIRIME,30,E,24,9.0,3,S,18,27.0,30.4025,-3.3075,0.5306237258375671,-0.0577267650097114,2060.0,71.0600814819336,71.0600814819336,,2024-05-28 00:00:00,NOTIFIER,2024-08-25 06:31:11,,RECORDED,RECORDED,False,True,False,False,True,2024-04-03 00:00:00,,,,False,False,,,,,,,,,,94.05,94.35,1
92169850,RECORDED,NOT MODIFY,NTFD_RR,120047014,,,TB2,BDI,BDI,92169850,,A,6.0,,1984-01-01 00:00:00,2020-03-03 00:00:00,,RR11.2,1,94.2,,,,NORMAL,,,,,,BC,1,,F3EGN,180,40.0,600,33.0,1995.2623149688795,33.0,1.9952623149688795,,,,,h,D,0.0,,MT BIRIME,30,E,24,0.0,3,S,18,0.0,30.4,-3.3,0.5305800926062672,-0.0575958653158119,2060.0,,,,2020-03-03 00:00:00,NOTIFIER,2020-04-21 15:40:00,,RECORDED,RECORDED,False,True,False,False,False,,,,,False,False,,,,,,,,,,94.11,94.29,0
92534273,RECORDED,MAJOR,GE84,84039545,BIR-97.5-2021,,T01,BDI,BDI,92534273,,,,,,2022-01-28 00:00:00,,,1,97.5,,,,NORMAL,,,,,,BC,4,,F8EHF,300,40.0,427,30.0,1000.0,,,30.0,1.0,,,v,ND,0.0,,MT BIRIME,30,E,24,9.0,3,S,18,27.0,30.4025,-3.3075,0.5306237258375671,-0.0577267650097114,1879.0,87.19427490234375,87.19427490234375,,2024-05-28 00:00:00,NOTIFIER,2024-08-25 09:45:08,,RECORDED,RECORDED,False,True,False,False,True,2024-04-03 00:00:00,,,,False,False,,,,,,,,,,97.35,97.65,1
92169857,RECORDED,NOT MODIFY,NTFD_RR,120047021,,,TB2,BDI,BDI,92169857,,A,2.0,,1984-01-01 00:00:00,2020-03-03 00:00:00,,RR11.2,1,97.5,,,,NORMAL,,,,,,BC,1,,F3EGN,180,40.0,600,33.0,1995.2623149688795,33.0,1.9952623149688795,,,,,h,D,0.0,,MT BIRIME,30,E,24,0.0,3,S,18,0.0,30.4,-3.3,0.5305800926062672,-0.0575958653158119,2060.0,,,,2020-03-03 00:00:00,NOTIFIER,2020-04-21 15:40:00,,RECORDED,RECORDED,False,True,False,False,False,,,,,False,False,,,,,,,,,,97.41,97.59,0
92534333,RECORDED,MAJOR,GE84,115030705,2015-54,,T01,BDI,BDI,92534333,,,,,,2022-01-28 00:00:00,,,1,97.9,,,,NORMAL,,,,,,BC,4,,F8EHF,300,40.0,624,30.0,1000.0,,,30.0,1.0,,,v,ND,0.0,,MT BIRIME,30,E,24,9.0,3,S,18,27.0,30.4025,-3.3075,0.5306237258375671,-0.0577267650097114,2052.0,88.34274291992188,88.34274291992188,,2024-05-28 00:00:00,NOTIFIER,2024-08-25 10:07:52,,RECORDED,RECORDED,False,True,False,False,True,2024-04-03 00:00:00,,,,False,False,,,,,,,,,,97.75,98.05,1
92534332,RECORDED,MAJOR,GE84,115030704,2015-55,,T01,BDI,BDI,92534332,,,,,,2022-01-28 00:00:00,,,1,100.2,,,,NORMAL,,,,,,BC,4,,F8EHF,300,30.0,614,30.0,1000.0,,,30.0,1.0,,,v,ND,0.0,,MT BIRIME,30,E,24,9.0,3,S,18,27.0,30.4025,-3.3075,0.5306237258375671,-0.0577267650097114,2052.0,96.2879409790039,96.2879409790039,,2024-05-28 00:00:00,NOTIFIER,2024-08-25 12:22:08,,RECORDED,RECORDED,False,True,False,False,True,2024-04-03 00:00:00,,,,False,False,,,,,,,,,,100.05,100.35,1
92353925,RECORDED,NOT MODIFY,NTFD_RR,120231606,2015-55,2015-55,TB2,BDI,BDI,92353925,,A,6.0,,2007-01-01 00:00:00,2020-09-19 00:00:00,,RR11.2,1,100.2,,,,NORMAL,,,,,,BC,1,,F3EGN,180,30.0,427,25.0,316.2277660168379,,,25.0,0.3162277660168379,,,v,ND,0.0,,MT BIRIME,30,E,24,0.0,3,S,18,0.0,30.4,-3.3,0.5305800926062672,-0.0575958653158119,1879.0,,,,2020-09-19 00:00:00,NOTIFIER,2020-11-03 15:59:22,,RECORDED,RECORDED,False,True,False,False,False,,,,,False,False,,,,,,,,,,100.11,100.29,1
92534334,RECORDED,MAJOR,GE84,115030706,2015-56,,T01,BDI,BDI,92534334,,,,,,2022-01-28 00:00:00,,,1,103.3,,,,NORMAL,,,,,,BC,4,,F8EHF,300,40.0,624,30.0,1000.0,,,30.0,1.0,,,v,ND,0.0,,MT BIRIME,30,E,24,9.0,3,S,18,27.0,30.4025,-3.3075,0.5306237258375671,-0.0577267650097114,2052.0,89.95159912109375,89.95159912109375,,2024-05-28 00:00:00,NOTIFIER,2024-08-25 15:48:56,,RECORDED,RECORDED,False,True,False,False,True,2024-04-03 00:00:00,,,,False,False,,,,,,,,,,103.15,103.45,1
92353929,RECORDED,NOT MODIFY,NTFD_RR,120231610,2015-56,2015-56,TB2,BDI,BDI,92353929,,A,6.0,,2013-01-01 00:00:00,2020-09-19 00:00:00,,RR11.2,1,103.3,,,,NORMAL,,,,,,BC,1,,F3EGN,180,40.0,427,33.0,1995.2623149688795,33.0,1.9952623149688795,,,,,h,ND,0.0,,MT BIRIME,30,E,24,0.0,3,S,18,0.0,30.4,-3.3,0.5305800926062672,-0.0575958653158119,1879.0,,,,2020-09-19 00:00:00,NOTIFIER,2020-11-03 15:59:22,,RECORDED,RECORDED,False,True,False,False,False,,,,,False,False,,,,,,,,,,103.21,103.39,1
92534284,RECORDED,MAJOR,GE84,84108075,INANZ-101.5,,T01,BDI,BDI,92534284,,,,,,2022-01-28 00:00:00,,,1,101.5,,,,NORMAL,,,,,,BC,4,,F8EHF,300,30.0,929,30.0,1000.0,,,30.0,1.0,,,v,ND,0.0,,MT INANZERVE,29,E,44,21.0,4,S,3,51.0,29.739166666666662,-4.064166666666667,0.5190463751326715,-0.070933089683135,2486.0,75.07135009765625,75.07135009765625,,2024-05-28 00:00:00,NOTIFIER,2024-08-25 13:46:46,,RECORDED,RECORDED,False,True,False,False,True,2024-04-03 00:00:00,,,,False,False,,,,,,,,,,101.35,101.65,1
92534326,RECORDED,MAJOR,GE84,115030692,2015-42,,T01,BDI,BDI,92534326,,,,,,2022-01-28 00:00:00,,,1,87.7,,,,NORMAL,,,,,,BC,4,,F8EHF,300,30.0,919,24.0,251.188643150958,,,24.0,0.251188643150958,,,v,ND,0.0,,MT INANZERWE,29,E,44,25.0,4,S,3,51.0,29.740277777777777,-4.064166666666667,0.519065767679916,-0.070933089683135,2469.0,97.96084594726562,97.96084594726562,,2024-05-28 00:00:00,NOTIFIER,2024-08-25 00:04:31,,RECORDED,RECORDED,False,True,False,False,True,2024-04-03 00:00:00,,,,False,False,,,,,,,,,,87.55,87.85000000000001,1
92534270,RECORDED,MAJOR,GE84,84039542,INANZ-88.4-2021,,T01,BDI,BDI,92534270,,,,,,2022-01-28 00:00:00,,,1,88.4,,,,NORMAL,,,,,,BC,4,,F8EHF,300,30.0,929,30.0,1000.0,,,30.0,1.0,,,v,ND,0.0,,MT INANZERWE,29,E,44,21.0,4,S,3,51.0,29.739166666666662,-4.064166666666667,0.5190463751326715,-0.070933089683135,2486.0,87.35755920410156,87.35755920410156,,2024-05-28 00:00:00,NOTIFIER,2024-08-25 00:54:21,,RECORDED,RECORDED,False,True,False,False,True,2024-04-03 00:00:00,,,,False,False,,,,,,,,,,88.25,88.55000000000001,1
92169832,RECORDED,NOT MODIFY,NTFD_RR,120046996,,,TB2,BDI,BDI,92169832,,A,2.0,,1985-01-01 00:00:00,2020-03-03 00:00:00,,RR11.2,1,88.4,,,,NORMAL,,,,,,BC,1,,F3EGN,180,30.0,1750,34.5,2818.382931264454,34.5,2.8183829312644537,,,,,h,D,320.0,,MT INANZERWE,29,E,45,0.0,4,S,3,0.0,29.75,-4.05,0.5192354524683043,-0.0706858347057691,2500.0,,,,2020-03-03 00:00:00,NOTIFIER,2020-04-21 15:40:00,,RECORDED,RECORDED,False,True,False,False,False,,,,,False,False,,,,,,,,,,88.31,88.49000000000001,0
92534327,RECORDED,MAJOR,GE84,115030694,2015-44,,T01,BDI,BDI,92534327,,,,,,2022-01-28 00:00:00,,,1,90.8,,,,NORMAL,,,,,,BC,4,,F8EHF,300,30.0,929,30.0,1000.0,,,30.0,1.0,,,v,ND,0.0,,MT INANZERWE,29,E,44,21.0,4,S,3,51.0,29.739166666666662,-4.064166666666667,0.5190463751326715,-0.070933089683135,2486.0,70.82018280029297,70.82018280029297,,2024-05-28 00:00:00,NOTIFIER,2024-08-25 03:17:24,,RECORDED,RECORDED,False,True,False,False,True,2024-04-03 00:00:00,,,,False,False,,,,,,,,,,90.65,90.95,1
92353915,RECORDED,NOT MODIFY,NTFD_RR,120231596,2015-44,2015-44,TB2,BDI,BDI,92353915,,A,6.0,,2010-01-01 00:00:00,2020-09-19 00:00:00,,RR11.2,1,90.8,,,,NORMAL,,,,,,BC,1,,F3EGN,180,30.0,406,30.0,1000.0,30.0,1.0,,,,,h,ND,0.0,,MT INANZERWE,29,E,45,0.0,4,S,3,0.0,29.75,-4.05,0.5192354524683043,-0.0706858347057691,1941.0,,,,2020-09-19 00:00:00,NOTIFIER,2020-11-03 15:59:22,,RECORDED,RECORDED,False,True,False,False,False,,,,,False,False,,,,,,,,,,90.71,90.89,1
92534271,RECORDED,MAJOR,GE84,84039543,INANZ-91.5-2021,,T01,BDI,BDI,92534271,,,,,,2022-01-28 00:00:00,,,1,91.5,,,,NORMAL,,,,,,BC,4,,F8EHF,300,30.0,929,30.0,1000.0,,,30.0,1.0,,,v,ND,0.0,,MT INANZERWE,29,E,44,21.0,4,S,3,51.0,29.739166666666662,-4.064166666666667,0.5190463751326715,-0.070933089683135,2486.0,77.1557388305664,77.1557388305664,,2024-05-28 00:00:00,NOTIFIER,2024-08-25 03:59:05,,RECORDED,RECORDED,False,True,False,False,True,2024-04-03 00:00:00,,,,False,False,,,,,,,,,,91.35,91.65,1
92169843,RECORDED,NOT MODIFY,NTFD_RR,120047007,,,TB2,BDI,BDI,92169843,,A,2.0,,1985-01-01 00:00:00,2020-03-03 00:00:00,,RR11.2,1,91.5,,,,NORMAL,,,,,,BC,1,,F3EGN,180,30.0,1750,34.5,2818.382931264454,34.5,2.8183829312644537,,,,,h,D,320.0,,MT INANZERWE,29,E,45,0.0,4,S,3,0.0,29.75,-4.05,0.5192354524683043,-0.0706858347057691,2500.0,,,,2020-03-03 00:00:00,NOTIFIER,2020-04-21 15:40:00,,RECORDED,RECORDED,False,True,False,False,False,,,,,False,False,,,,,,,,,,91.41,91.59,0
92169853,RECORDED,NOT MODIFY,NTFD_RR,120047017,2015-49,2015-49,TB2,BDI,BDI,92169853,,A,2.0,,1984-01-01 00:00:00,2020-03-03 00:00:00,,RR11.2,1,94.7,,,,NORMAL,,,,,,BC,1,,F3EGN,180,30.0,1750,30.0,1000.0,30.0,1.0,,,,,h,D,0.0,,MT INANZERWE,29,E,45,0.0,4,S,3,0.0,29.75,-4.05,0.5192354524683043,-0.0706858347057691,2500.0,,,,2020-03-03 00:00:00,NOTIFIER,2020-04-21 15:40:00,,RECORDED,RECORDED,False,True,False,False,False,,,,,False,False,,,,,,,,,,94.61,94.79,0
92534328,RECORDED,MAJOR,GE84,115030695,2015-45,,T01,BDI,BDI,92534328,,,,,,2022-01-28 00:00:00,,,1,95.1,,,,NORMAL,,,,,,BC,4,,F8EHF,300,30.0,929,30.0,1000.0,,,30.0,1.0,,,v,ND,0.0,,MT INANZERWE,29,E,44,21.0,4,S,3,51.0,29.739166666666662,-4.064166666666667,0.5190463751326715,-0.070933089683135,2486.0,78.45529174804688,78.45529174804688,,2024-05-28 00:00:00,NOTIFIER,2024-08-25 07:26:06,,RECORDED,RECORDED,False,True,False,False,True,2024-04-03 00:00:00,,,,False,False,,,,,,,,,,94.95,95.25,1
92353917,RECORDED,NOT MODIFY,NTFD_RR,120231598,2015-45,2015-45,TB2,BDI,BDI,92353917,,A,6.0,,2015-01-01 00:00:00,2020-09-19 00:00:00,,RR11.2,1,95.1,,,,NORMAL,,,,,,BC,1,,F3EGN,180,30.0,406,30.0,1000.0,30.0,1.0,,,,,h,ND,0.0,,MT INANZERWE,29,E,45,0.0,4,S,3,0.0,29.75,-4.05,0.5192354524683043,-0.0706858347057691,1941.0,,,,2020-09-19 00:00:00,NOTIFIER,2020-11-03 15:59:22,,RECORDED,RECORDED,False,True,False,False,False,,,,,False,False,,,,,,,,,,95.01,95.19,1
92534329,RECORDED,MAJOR,GE84,115030696,2015-46,,T01,BDI,BDI,92534329,,,,,,2022-01-28 00:00:00,,,1,96.2,,,,NORMAL,,,,,,BC,4,,F8EHF,300,30.0,929,30.0,1000.0,,,30.0,1.0,,,v,ND,0.0,,MT INANZERWE,29,E,44,21.0,4,S,3,51.0,29.739166666666662,-4.064166666666667,0.5190463751326715,-0.070933089683135,2486.0,65.81716918945312,65.81716918945312,,2024-05-28 00:00:00,NOTIFIER,2024-08-25 08:32:59,,RECORDED,RECORDED,False,True,False,False,True,2024-04-03 00:00:00,,,,False,False,,,,,,,,,,96.05,96.35,1
92353918,RECORDED,NOT MODIFY,NTFD_RR,120231599,2015-46,2015-46,TB2,BDI,BDI,92353918,,A,6.0,,2009-01-01 00:00:00,2020-09-19 00:00:00,,RR11.2,1,96.2,,,,NORMAL,,,,,,BC,1,,F3EGN,180,30.0,406,30.0,1000.0,30.0,1.0,,,,,h,ND,0.0,,MT INANZERWE,29,E,45,0.0,4,S,3,0.0,29.75,-4.05,0.5192354524683043,-0.0706858347057691,1941.0,,,,2020-09-19 00:00:00,NOTIFIER,2020-11-03 15:59:22,,RECORDED,RECORDED,False,True,False,False,False,,,,,False,False,,,,,,,,,,96.11,96.29,1
92169859,RECORDED,NOT MODIFY,NTFD_RR,120047023,2015-50,2015-50,TB2,BDI,BDI,92169859,,A,2.0,,1984-01-01 00:00:00,2020-03-03 00:00:00,,RR11.2,1,98.0,,,,NORMAL,,,,,,BC,1,,F3EGN,180,30.0,1750,30.0,1000.0,30.0,1.0,,,,,h,D,0.0,,MT INANZERWE,29,E,45,0.0,4,S,3,0.0,29.75,-4.05,0.5192354524683043,-0.0706858347057691,2500.0,,,,2020-03-03 00:00:00,NOTIFIER,2020-04-21 15:40:00,,RECORDED,RECORDED,False,True,False,False,False,,,,,False,False,,,,,,,,,,97.91,98.09,0
92534330,RECORDED,MAJOR,GE84,115030697,2015-47,,T01,BDI,BDI,92534330,,,,,,2022-01-28 00:00:00,,,1,99.7,,,,NORMAL,,,,,,BC,4,,F8EHF,300,30.0,929,30.0,1000.0,,,30.0,1.0,,,v,ND,0.0,,MT INANZERWE,29,E,44,21.0,4,S,3,51.0,29.739166666666662,-4.064166666666667,0.5190463751326715,-0.070933089683135,2486.0,80.8624038696289,80.8624038696289,,2024-05-28 00:00:00,NOTIFIER,2024-08-25 11:52:17,,RECORDED,RECORDED,False,True,False,False,True,2024-04-03 00:00:00,,,,False,False,,,,,,,,,,99.55,99.85,1
92353923,RECORDED,NOT MODIFY,NTFD_RR,120231604,2015-47,2015-47,TB2,BDI,BDI,92353923,,A,6.0,,2014-01-01 00:00:00,2020-09-19 00:00:00,,RR11.2,1,99.7,,,,NORMAL,,,,,,BC,1,,F3EGN,180,30.0,406,30.0,1000.0,30.0,1.0,,,,,h,ND,0.0,,MT INANZERWE,29,E,45,0.0,4,S,3,0.0,29.75,-4.05,0.5192354524683043,-0.0706858347057691,1941.0,,,,2020-09-19 00:00:00,NOTIFIER,2020-11-03 15:59:22,,RECORDED,RECORDED,False,True,False,False,False,,,,,False,False,,,,,,,,,,99.61,99.79,1
6043137,RECORDED,MINOR,GE84,84108076,2015-38,,T01,BDI,BDI,6043137,,,,,,1984-12-07 00:00:00,,,1,105.1,,,,NORMAL,,,,,,BC,1,,F3EGN,180,30.0,1750,34.5,2818.382931264454,34.5,2.8183829312644537,,,,,h,D,0.0,,MT INANZERWE,29,E,45,0.0,4,S,3,0.0,29.75,-4.05,0.5192354524683043,-0.0706858347057691,2500.0,80.08118438720703,85.908447265625,,1984-12-07 00:00:00,NOTIFIER,2024-08-25 17:57:55,,RECORDED,RECORDED,False,True,False,False,False,,,,,False,False,,,,,,,,,,105.01,105.19,0
92534325,RECORDED,MAJOR,GE84,115030691,2015-39,,T01,BDI,BDI,92534325,,,,,,2022-01-28 00:00:00,,,1,105.5,,,,NORMAL,,,,,,BC,4,,F8EHF,300,30.0,919,34.0,2511.8864315095802,,,34.0,2.51188643150958,,,v,ND,0.0,,MT INANZERWE,29,E,44,25.0,4,S,3,51.0,29.740277777777777,-4.064166666666667,0.519065767679916,-0.070933089683135,2469.0,87.85359954833984,87.85359954833984,,2024-05-28 00:00:00,NOTIFIER,2024-08-25 18:27:50,,RECORDED,RECORDED,False,True,False,False,True,2024-04-03 00:00:00,,,,False,False,,,,,,,,,,105.35,105.65,1
92534278,RECORDED,MAJOR,GE84,84108066,MANG-92.4-2021,,T01,BDI,BDI,92534278,,,,,,2022-01-28 00:00:00,,,1,92.4,,,,NORMAL,,,,,,BC,4,,F8EHF,300,35.0,1185,34.0,2511.8864315095802,,,34.0,2.51188643150958,,,v,ND,0.0,,MT MANGA,29,E,30,57.0,3,S,25,45.0,29.515833333333333,-3.4291666666666667,0.515148473136551,-0.0598502489329712,2512.0,77.94923400878906,77.94923400878906,,2024-05-28 00:00:00,NOTIFIER,2024-08-25 04:48:16,,RECORDED,RECORDED,False,True,False,False,True,2024-04-03 00:00:00,,,,False,False,,,,,,,,,,92.25,92.55,1
92534312,RECORDED,MAJOR,GE84,115030673,2015-23,,T01,BDI,BDI,92534312,,,,,,2022-01-28 00:00:00,,,1,95.2,,,,NORMAL,,,,,,BC,4,,F8EHF,300,45.0,1195,33.0,1995.2623149688795,,,33.0,1.9952623149688795,,,v,ND,0.0,,MT MANGA,29,E,30,57.0,3,S,25,45.0,29.515833333333333,-3.4291666666666667,0.515148473136551,-0.0598502489329712,2512.0,92.63964080810548,92.63964080810548,,2024-05-28 00:00:00,NOTIFIER,2024-08-25 07:31:43,,RECORDED,RECORDED,False,True,False,False,True,2024-04-03 00:00:00,,,,False,False,,,,,,,,,,95.05,95.35,1
92534276,RECORDED,MAJOR,GE84,84039548,MANG-95.6-2021,,T01,BDI,BDI,92534276,,,,,,2022-01-28 00:00:00,,,1,95.6,,,,NORMAL,,,,,,BC,4,,F8EHF,300,35.0,1195,33.0,1995.2623149688795,,,33.0,1.9952623149688795,,,v,ND,0.0,,MT MANGA,29,E,30,57.0,3,S,25,45.0,29.515833333333333,-3.4291666666666667,0.515148473136551,-0.0598502489329712,2512.0,90.07762908935548,90.07762908935548,,2024-05-28 00:00:00,NOTIFIER,2024-08-25 07:56:03,,RECORDED,RECORDED,False,True,False,False,True,2024-04-03 00:00:00,,,,False,False,,,,,,,,,,95.45,95.75,1
92169854,RECORDED,NOT MODIFY,NTFD_RR,120047018,,,TB2,BDI,BDI,92169854,,A,6.0,,1984-01-01 00:00:00,2020-03-03 00:00:00,,RR11.2,1,95.6,,,,NORMAL,,,,,,BC,1,,F3EGN,180,85.0,1800,47.2,52480.746024977285,47.2,52.480746024977286,,,,,h,D,45.0,,MT MANGA,29,E,31,0.0,3,S,23,0.0,29.516666666666666,-3.3833333333333333,0.5151630175469842,-0.0590503063591404,2540.0,,,,2020-03-03 00:00:00,NOTIFIER,2020-04-21 15:40:00,,RECORDED,RECORDED,False,True,False,False,False,,,,,False,False,,,,,,,,,,95.51,95.69,0
92534277,RECORDED,MAJOR,GE84,84039549,MANG-98.9-2021,,T01,BDI,BDI,92534277,,,,,,2022-01-28 00:00:00,,,1,98.9,,,,NORMAL,,,,,,BC,4,,F8EHF,300,35.0,1185,34.0,2511.8864315095802,,,34.0,2.51188643150958,,,v,ND,0.0,,MT MANGA,29,E,30,57.0,3,S,25,45.0,29.515833333333333,-3.4291666666666667,0.515148473136551,-0.0598502489329712,2512.0,67.10475158691406,67.10475158691406,,2024-05-28 00:00:00,NOTIFIER,2024-08-25 11:06:25,,RECORDED,RECORDED,False,True,False,False,True,2024-04-03 00:00:00,,,,False,False,,,,,,,,,,98.75,99.05,1
92169862,RECORDED,NOT MODIFY,NTFD_RR,120047026,,,TB2,BDI,BDI,92169862,,A,2.0,,1984-01-01 00:00:00,2020-03-03 00:00:00,,RR11.2,1,98.9,,,,NORMAL,,,,,,BC,1,,F3EGN,180,85.0,1800,47.2,52480.746024977285,47.2,52.480746024977286,,,,,h,D,45.0,,MT MANGA,29,E,31,0.0,3,S,23,0.0,29.516666666666666,-3.3833333333333333,0.5151630175469842,-0.0590503063591404,2540.0,,,,2020-03-03 00:00:00,NOTIFIER,2020-04-21 15:40:00,,RECORDED,RECORDED,False,True,False,False,False,,,,,False,False,,,,,,,,,,98.81,98.99,0
92534313,RECORDED,MAJOR,GE84,115030674,2015-24,,T01,BDI,BDI,92534313,,,,,,2022-01-28 00:00:00,,,1,99.9,,,,NORMAL,,,,,,BC,4,,F8EHF,300,45.0,1195,33.0,1995.2623149688795,,,33.0,1.9952623149688795,,,v,ND,0.0,,MT MANGA,29,E,30,57.0,3,S,25,45.0,29.515833333333333,-3.4291666666666667,0.515148473136551,-0.0598502489329712,2512.0,98.42066192626952,98.42066192626952,,2024-05-28 00:00:00,NOTIFIER,2024-08-25 12:03:05,,RECORDED,RECORDED,False,True,False,False,True,2024-04-03 00:00:00,,,,False,False,,,,,,,,,,99.75,100.05,1
92353924,RECORDED,NOT MODIFY,NTFD_RR,120231605,2015-24,2015-24,TB2,BDI,BDI,92353924,,A,6.0,,2008-01-01 00:00:00,2020-09-19 00:00:00,,RR11.2,1,99.9,,,,NORMAL,,,,,,BC,1,,F3EGN,180,50.0,769,30.0,1000.0,30.0,1.0,,,,,h,ND,0.0,,MT MANGA,29,E,31,0.0,3,S,23,0.0,29.516666666666666,-3.3833333333333333,0.5151630175469842,-0.0590503063591404,1903.0,,,,2020-09-19 00:00:00,NOTIFIER,2020-11-03 15:59:22,,RECORDED,RECORDED,False,True,False,False,False,,,,,False,False,,,,,,,,,,99.81,99.99,1
92534314,RECORDED,MAJOR,GE84,115030675,2015-25,,T01,BDI,BDI,92534314,,,,,,2022-01-28 00:00:00,,,1,100.7,,,,NORMAL,,,,,,BC,4,,F8EHF,300,35.0,1185,35.0,3162.2776601683795,,,35.0,3.1622776601683795,,,v,ND,0.0,,MT MANGA,29,E,30,57.0,3,S,25,45.0,29.515833333333333,-3.4291666666666667,0.515148473136551,-0.0598502489329712,2512.0,104.02001953125,104.02001953125,,2024-05-28 00:00:00,NOTIFIER,2024-08-25 12:53:25,,RECORDED,RECORDED,False,True,False,False,True,2024-04-03 00:00:00,,,,False,False,,,,,,,,,,100.55,100.85,1
92353926,RECORDED,NOT MODIFY,NTFD_RR,120231607,2015-25,2015-25,TB2,BDI,BDI,92353926,,A,6.0,,2009-01-01 00:00:00,2020-09-19 00:00:00,,RR11.2,1,100.7,,,,NORMAL,,,,,,BC,1,,F3EGN,180,50.0,769,30.0,1000.0,30.0,1.0,,,,,h,ND,0.0,,MT MANGA,29,E,31,0.0,3,S,23,0.0,29.516666666666666,-3.3833333333333333,0.5151630175469842,-0.0590503063591404,1903.0,,,,2020-09-19 00:00:00,NOTIFIER,2020-11-03 15:59:22,,RECORDED,RECORDED,False,True,False,False,False,,,,,False,False,,,,,,,,,,100.61,100.79,1
92534315,RECORDED,MAJOR,GE84,115030676,2015-26,,T01,BDI,BDI,92534315,,,,,,2022-01-28 00:00:00,,,1,101.0,,,,NORMAL,,,,,,BC,4,,F8EHF,300,45.0,1195,33.0,1995.2623149688795,,,33.0,1.9952623149688795,,,v,ND,0.0,,MT MANGA,29,E,30,57.0,3,S,25,45.0,29.515833333333333,-3.4291666666666667,0.515148473136551,-0.0598502489329712,2512.0,105.2740249633789,105.2740249633789,,2024-05-28 00:00:00,NOTIFIER,2024-08-25 13:13:41,,RECORDED,RECORDED,False,True,False,False,True,2024-04-03 00:00:00,,,,False,False,,,,,,,,,,100.85,101.15,1
92353927,RECORDED,NOT MODIFY,NTFD_RR,120231608,2015-26,2015-26,TB2,BDI,BDI,92353927,,A,6.0,,2014-01-01 00:00:00,2020-09-19 00:00:00,,RR11.2,1,101.0,,,,NORMAL,,,,,,BC,1,,F3EGN,180,50.0,769,27.0,501.18723362727235,27.0,0.5011872336272724,,,,,h,ND,0.0,,MT MANGA,29,E,31,0.0,3,S,23,0.0,29.516666666666666,-3.3833333333333333,0.5151630175469842,-0.0590503063591404,1903.0,,,,2020-09-19 00:00:00,NOTIFIER,2020-11-03 15:59:22,,RECORDED,RECORDED,False,True,False,False,False,,,,,False,False,,,,,,,,,,100.91,101.09,1
92534316,RECORDED,MAJOR,GE84,115030677,2015-27,,T01,BDI,BDI,92534316,,,,,,2022-01-28 00:00:00,,,1,101.8,,,,NORMAL,,,,,,BC,4,,F8EHF,300,45.0,1195,33.0,1995.2623149688795,,,33.0,1.9952623149688795,,,v,ND,0.0,,MT MANGA,29,E,30,57.0,3,S,25,45.0,29.515833333333333,-3.4291666666666667,0.515148473136551,-0.0598502489329712,2512.0,83.33859252929688,83.33859252929688,,2024-05-28 00:00:00,NOTIFIER,2024-08-25 14:06:40,,RECORDED,RECORDED,False,True,False,False,True,2024-04-03 00:00:00,,,,False,False,,,,,,,,,,101.65,101.95,1
92353928,RECORDED,NOT MODIFY,NTFD_RR,120231609,2015-27,2015-27,TB2,BDI,BDI,92353928,,A,6.0,,2012-01-01 00:00:00,2020-09-19 00:00:00,,RR11.2,1,101.8,,,,NORMAL,,,,,,BC,1,,F3EGN,180,50.0,769,30.0,1000.0,30.0,1.0,,,,,h,ND,0.0,,MT MANGA,29,E,31,0.0,3,S,23,0.0,29.516666666666666,-3.3833333333333333,0.5151630175469842,-0.0590503063591404,1903.0,,,,2020-09-19 00:00:00,NOTIFIER,2020-11-03 15:59:22,,RECORDED,RECORDED,False,True,False,False,False,,,,,False,False,,,,,,,,,,101.71,101.89,1
92534279,RECORDED,MAJOR,GE84,84108067,MANG-102.4-2021,,T01,BDI,BDI,92534279,,,,,,2022-01-28 00:00:00,,,1,102.4,,,,NORMAL,,,,,,BC,4,,F8EHF,300,35.0,1185,33.0,1995.2623149688795,,,33.0,1.9952623149688795,,,v,ND,0.0,,MT MANGA,29,E,30,57.0,3,S,25,45.0,29.515833333333333,-3.4291666666666667,0.515148473136551,-0.0598502489329712,2512.0,71.66226959228516,71.66226959228516,,2024-05-28 00:00:00,NOTIFIER,2024-08-25 14:47:28,,RECORDED,RECORDED,False,True,False,False,True,2024-04-03 00:00:00,,,,False,False,,,,,,,,,,102.25,102.55,1
92534317,RECORDED,MAJOR,GE84,115030679,2015-29,,T01,BDI,BDI,92534317,,,,,,2022-01-28 00:00:00,,,1,103.7,,,,NORMAL,,,,,,BC,4,,F8EHF,300,45.0,1195,34.0,2511.8864315095802,,,34.0,2.51188643150958,,,v,ND,0.0,,MT MANGA,29,E,30,57.0,3,S,25,45.0,29.515833333333333,-3.4291666666666667,0.515148473136551,-0.0598502489329712,2512.0,65.99093627929688,65.99093627929688,,2024-05-28 00:00:00,NOTIFIER,2024-08-25 16:17:30,,RECORDED,RECORDED,False,True,False,False,True,2024-04-03 00:00:00,,,,False,False,,,,,,,,,,103.55,103.85,1
92353930,RECORDED,NOT MODIFY,NTFD_RR,120231611,2015-29,2015-29,TB2,BDI,BDI,92353930,,A,6.0,,2014-01-01 00:00:00,2020-09-19 00:00:00,,RR11.2,1,103.7,,,,NORMAL,,,,,,BC,1,,F3EGN,180,50.0,769,30.0,1000.0,30.0,1.0,,,,,h,ND,0.0,,MT MANGA,29,E,31,0.0,3,S,23,0.0,29.516666666666666,-3.3833333333333333,0.5151630175469842,-0.0590503063591404,1903.0,,,,2020-09-19 00:00:00,NOTIFIER,2020-11-03 15:59:22,,RECORDED,RECORDED,False,True,False,False,False,,,,,False,False,,,,,,,,,,103.61,103.79,1
92534318,RECORDED,MAJOR,GE84,115030680,2015-30,,T01,BDI,BDI,92534318,,,,,,2022-01-28 00:00:00,,,1,104.4,,,,NORMAL,,,,,,BC,4,,F8EHF,300,45.0,1195,33.0,1995.2623149688795,,,33.0,1.9952623149688795,,,v,ND,0.0,,MT MANGA,29,E,30,57.0,3,S,25,45.0,29.515833333333333,-3.4291666666666667,0.515148473136551,-0.0598502489329712,2512.0,90.79884338378906,90.79884338378906,,2024-05-28 00:00:00,NOTIFIER,2024-08-25 17:05:02,,RECORDED,RECORDED,False,True,False,False,True,2024-04-03 00:00:00,,,,False,False,,,,,,,,,,104.25,104.55,1
92353931,RECORDED,NOT MODIFY,NTFD_RR,120231612,2015-30,2015-30,TB2,BDI,BDI,92353931,,A,6.0,,2002-01-01 00:00:00,2020-09-19 00:00:00,,RR11.2,1,104.4,,,,NORMAL,,,,,,BC,1,,F3EGN,180,50.0,769,30.0,1000.0,30.0,1.0,,,,,h,ND,0.0,,MT MANGA,29,E,31,0.0,3,S,23,0.0,29.516666666666666,-3.3833333333333333,0.5151630175469842,-0.0590503063591404,1903.0,,,,2020-09-19 00:00:00,NOTIFIER,2020-11-03 15:59:22,,RECORDED,RECORDED,False,True,False,False,False,,,,,False,False,,,,,,,,,,104.31,104.49,1
92534319,RECORDED,MAJOR,GE84,115030681,2015-31,,T01,BDI,BDI,92534319,,,,,,2022-01-28 00:00:00,,,1,104.8,,,,NORMAL,,,,,,BC,4,,F8EHF,300,45.0,1195,33.0,1995.2623149688795,,,33.0,1.9952623149688795,,,v,ND,0.0,,MT MANGA,29,E,30,57.0,3,S,25,45.0,29.515833333333333,-3.4291666666666667,0.515148473136551,-0.0598502489329712,2512.0,116.98624420166016,116.98624420166016,,2024-05-28 00:00:00,NOTIFIER,2024-08-25 17:34:46,,RECORDED,RECORDED,False,True,False,False,True,2024-04-03 00:00:00,,,,False,False,,,,,,,,,,104.65,104.95,1
92353932,RECORDED,NOT MODIFY,NTFD_RR,120231613,2015-31,2015-31,TB2,BDI,BDI,92353932,,A,6.0,,2003-01-01 00:00:00,2020-09-19 00:00:00,,RR11.2,1,104.8,,,,NORMAL,,,,,,BC,1,,F3EGN,180,50.0,769,30.0,1000.0,30.0,1.0,,,,,h,ND,0.0,,MT MANGA,29,E,31,0.0,3,S,23,0.0,29.516666666666666,-3.3833333333333333,0.5151630175469842,-0.0590503063591404,1903.0,,,,2020-09-19 00:00:00,NOTIFIER,2020-11-03 15:59:22,,RECORDED,RECORDED,False,True,False,False,False,,,,,False,False,,,,,,,,,,104.71,104.89,1
92534324,RECORDED,MAJOR,GE84,115030687,2015-37,,T01,BDI,BDI,92534324,,,,,,2022-01-28 00:00:00,,,1,105.3,,,,NORMAL,,,,,,BC,4,,F8EHF,300,45.0,1195,33.0,1995.2623149688795,,,33.0,1.9952623149688795,,,v,ND,0.0,,MT MANGA,29,E,30,57.0,3,S,25,45.0,29.515833333333333,-3.4291666666666667,0.515148473136551,-0.0598502489329712,2512.0,104.15787506103516,104.15787506103516,,2024-05-28 00:00:00,NOTIFIER,2024-08-25 18:12:28,,RECORDED,RECORDED,False,True,False,False,True,2024-04-03 00:00:00,,,,False,False,,,,,,,,,,105.15,105.45,1
92534320,RECORDED,MAJOR,GE84,115030682,2015-32,,T01,BDI,BDI,92534320,,,,,,2022-01-28 00:00:00,,,1,105.6,,,,NORMAL,,,,,,BC,4,,F8EHF,300,45.0,1195,33.0,1995.2623149688795,,,33.0,1.9952623149688795,,,v,ND,0.0,,MT MANGA,29,E,30,57.0,3,S,25,45.0,29.515833333333333,-3.4291666666666667,0.515148473136551,-0.0598502489329712,2512.0,105.33574676513672,105.33574676513672,,2024-05-28 00:00:00,NOTIFIER,2024-08-25 18:34:43,,RECORDED,RECORDED,False,True,False,False,True,2024-04-03 00:00:00,,,,False,False,,,,,,,,,,105.45,105.75,1
92534280,RECORDED,MAJOR,GE84,84108068,MANG-106-2021,,T01,BDI,BDI,92534280,,,,,,2022-01-28 00:00:00,,,1,106.0,,,,NORMAL,,,,,,BC,4,,F8EHF,300,35.0,1185,34.0,2511.8864315095802,,,34.0,2.51188643150958,,,v,ND,0.0,,MT MANGA,29,E,30,57.0,3,S,25,45.0,29.515833333333333,-3.4291666666666667,0.515148473136551,-0.0598502489329712,2512.0,94.9751968383789,94.9751968383789,,2024-05-28 00:00:00,NOTIFIER,2024-08-25 19:04:54,,RECORDED,RECORDED,False,True,False,False,True,2024-04-03 00:00:00,,,,False,False,,,,,,,,,,105.85,106.15,1
92169868,RECORDED,NOT MODIFY,NTFD_RR,120047032,,,TB2,BDI,BDI,92169868,,A,6.0,,2015-01-01 00:00:00,2020-03-03 00:00:00,,RR11.2,1,106.0,,,,NORMAL,,,,,,BC,1,,F3EGN,180,85.0,12,47.2,52480.746024977285,47.2,52.480746024977286,,,,,h,ND,0.0,,MT MANGA,29,E,31,0.0,3,S,23,0.0,29.516666666666666,-3.3833333333333333,0.5151630175469842,-0.0590503063591404,2540.0,,,,2020-03-03 00:00:00,NOTIFIER,2020-04-21 15:40:00,,RECORDED,RECORDED,False,True,False,False,False,,,,,False,False,,,,,,,,,,105.91,106.09,1
92534321,RECORDED,MAJOR,GE84,115030684,2015-34,,T01,BDI,BDI,92534321,,,,,,2022-01-28 00:00:00,,,1,106.7,,,,NORMAL,,,,,,BC,4,,F8EHF,300,45.0,1195,32.0,1584.8931924611136,,,32.0,1.5848931924611136,,,v,ND,0.0,,MT MANGA,29,E,30,57.0,3,S,25,45.0,29.515833333333333,-3.4291666666666667,0.515148473136551,-0.0598502489329712,2512.0,91.11170196533205,91.11170196533205,,2024-05-28 00:00:00,NOTIFIER,2024-08-25 19:59:03,,RECORDED,RECORDED,False,True,False,False,True,2024-04-03 00:00:00,,,,False,False,,,,,,,,,,106.55,106.85,1
92353933,RECORDED,NOT MODIFY,NTFD_RR,120231614,2015-34,2015-34,TB2,BDI,BDI,92353933,,A,6.0,,2004-01-01 00:00:00,2020-09-19 00:00:00,,RR11.2,1,106.7,,,,NORMAL,,,,,,BC,1,,F3EGN,180,50.0,769,30.0,1000.0,30.0,1.0,,,,,h,ND,0.0,,MT MANGA,29,E,31,0.0,3,S,23,0.0,29.516666666666666,-3.3833333333333333,0.5151630175469842,-0.0590503063591404,1903.0,,,,2020-09-19 00:00:00,NOTIFIER,2020-11-03 15:59:22,,RECORDED,RECORDED,False,True,False,False,False,,,,,False,False,,,,,,,,,,106.61,106.79,1
92534322,RECORDED,MAJOR,GE84,115030685,2015-35,,T01,BDI,BDI,92534322,,,,,,2022-01-28 00:00:00,,,1,107.1,,,,NORMAL,,,,,,BC,4,,F8EHF,300,45.0,1195,33.0,1995.2623149688795,,,33.0,1.9952623149688795,,,v,ND,0.0,,MT MANGA,29,E,30,57.0,3,S,25,45.0,29.515833333333333,-3.4291666666666667,0.515148473136551,-0.0598502489329712,2512.0,96.43986511230467,96.43986511230467,,2024-05-28 00:00:00,NOTIFIER,2024-08-25 20:29:27,,RECORDED,RECORDED,False,True,False,False,True,2024-04-03 00:00:00,,,,False,False,,,,,,,,,,106.95,107.25,1
92534323,RECORDED,MAJOR,GE84,115030686,2015-36,,T01,BDI,BDI,92534323,,,,,,2022-01-28 00:00:00,,,1,107.5,,,,NORMAL,,,,,,BC,4,,F8EHF,300,45.0,1195,34.0,2511.8864315095802,,,34.0,2.51188643150958,,,v,ND,0.0,,MT MANGA,29,E,30,57.0,3,S,25,45.0,29.515833333333333,-3.4291666666666667,0.515148473136551,-0.0598502489329712,2512.0,89.9778823852539,89.9778823852539,,2024-05-28 00:00:00,NOTIFIER,2024-08-25 21:01:21,,RECORDED,RECORDED,False,True,False,False,True,2024-04-03 00:00:00,,,,False,False,,,,,,,,,,107.35,107.65,1
92353934,RECORDED,NOT MODIFY,NTFD_RR,120231615,2015-36,2015-36,TB2,BDI,BDI,92353934,,A,6.0,,2005-01-01 00:00:00,2020-09-19 00:00:00,,RR11.2,1,107.5,,,,NORMAL,,,,,,BC,1,,F3EGN,180,50.0,769,30.0,1000.0,30.0,1.0,,,,,h,ND,0.0,,MT MANGA,29,E,31,0.0,3,S,23,0.0,29.516666666666666,-3.3833333333333333,0.5151630175469842,-0.0590503063591404,1903.0,,,,2020-09-19 00:00:00,NOTIFIER,2020-11-03 15:59:22,,RECORDED,RECORDED,False,True,False,False,False,,,,,False,False,,,,,,,,,,107.41,107.59,1
92353935,RECORDED,NOT MODIFY,NTFD_RR,120231616,2015-37,2015-37,TB2,BDI,BDI,92353935,,A,6.0,,2006-01-01 00:00:00,2020-09-19 00:00:00,,RR11.2,1,107.7,,,,NORMAL,,,,,,BC,1,,F3EGN,180,50.0,769,30.0,1000.0,30.0,1.0,,,,,h,ND,0.0,,MT MANGA,29,E,31,0.0,3,S,23,0.0,29.516666666666666,-3.3833333333333333,0.5151630175469842,-0.0590503063591404,1903.0,,,,2020-09-19 00:00:00,NOTIFIER,2020-11-03 15:59:22,,RECORDED,RECORDED,False,True,False,False,False,,,,,False,False,,,,,,,,,,107.61,107.79,1
92534335,RECORDED,NOT MODIFY,GE84,122002512,2015-57,,T01,BDI,BDI,92534335,,,,,,2022-01-28 00:00:00,,,1,87.9,,,,NORMAL,,,,,,BC,4,,F8EHF,300,30.0,220,27.0,501.18723362727235,,,27.0,0.5011872336272724,,,v,ND,0.0,,MT MUTUMBA,30,E,2,9.0,2,S,40,27.0,30.035833333333336,-2.6741666666666664,0.5242241852469214,-0.0466730130804142,1580.0,97.91007995605467,97.91007995605467,,2024-05-28 00:00:00,NOTIFIER,2024-08-25 00:16:27,,RECORDED,RECORDED,False,True,False,False,True,2024-04-03 00:00:00,,,,False,False,,,,,,,,,,87.75,88.05000000000001,1
92534274,RECORDED,MAJOR,GE84,84039546,MUT-88.8-2021,,T01,BDI,BDI,92534274,,,,,,2022-01-28 00:00:00,,,1,88.8,,,,NORMAL,,,,,,BC,4,,F8EHF,300,30.0,209,27.0,501.18723362727235,,,27.0,0.5011872336272724,,,v,ND,0.0,,MT MUTUMBA,30,E,2,26.0,2,S,40,52.0,30.04055555555556,-2.681111111111111,0.52430660357271,-0.0467942165006916,1581.0,76.32906341552734,76.32906341552734,,2024-05-28 00:00:00,NOTIFIER,2024-08-25 01:17:46,,RECORDED,RECORDED,False,True,False,False,True,2024-04-03 00:00:00,,,,False,False,,,,,,,,,,88.64999999999999,88.95,1
92169834,RECORDED,NOT MODIFY,NTFD_RR,120046998,,,TB2,BDI,BDI,92169834,,A,2.0,,1985-01-01 00:00:00,2020-03-03 00:00:00,,RR11.2,1,88.8,,,,NORMAL,,,,,,BC,1,,F3EGN,180,30.0,530,35.2,3311.311214825913,35.2,3.311311214825913,,,,,h,D,0.0,,MT MUTUMBA,30,E,2,0.0,2,S,40,0.0,30.03333333333333,-2.6666666666666665,0.5241805520156215,-0.0465421133865146,1900.0,,,,2020-03-03 00:00:00,NOTIFIER,2020-04-21 15:40:00,,RECORDED,RECORDED,False,True,False,False,False,,,,,False,False,,,,,,,,,,88.71,88.89,0
92534336,RECORDED,NOT MODIFY,GE84,122002513,2015-58,,T01,BDI,BDI,92534336,,,,,,2022-01-28 00:00:00,,,1,89.4,,,,NORMAL,,,,,,BC,4,,F8EHF,300,40.0,230,27.0,501.18723362727235,,,27.0,0.5011872336272724,,,v,ND,0.0,,MT MUTUMBA,30,E,2,9.0,2,S,40,27.0,30.035833333333336,-2.6741666666666664,0.5242241852469214,-0.0466730130804142,1580.0,95.39451599121094,95.39451599121094,,2024-05-28 00:00:00,NOTIFIER,2024-08-25 01:55:07,,RECORDED,RECORDED,False,True,False,False,True,2024-04-03 00:00:00,,,,False,False,,,,,,,,,,89.25,89.55000000000001,1
92353914,RECORDED,NOT MODIFY,NTFD_RR,120231595,2015-59,2015-59,TB2,BDI,BDI,92353914,,A,6.0,,2012-01-01 00:00:00,2020-09-19 00:00:00,,RR11.2,1,90.6,,,,NORMAL,,,,,,BC,1,,F3EGN,180,30.0,426,30.0,1000.0,30.0,1.0,,,,,h,ND,0.0,,MT MUTUMBA,30,E,2,0.0,2,S,40,0.0,30.03333333333333,-2.6666666666666665,0.5241805520156215,-0.0465421133865146,1784.0,,,,2020-09-19 00:00:00,NOTIFIER,2020-11-03 15:59:22,,RECORDED,RECORDED,False,True,False,False,False,,,,,False,False,,,,,,,,,,90.51,90.69,1
92534337,RECORDED,MAJOR,GE84,115030709,2015-59,,T01,BDI,BDI,92534337,,,,,,2022-01-28 00:00:00,,,1,90.6,,,,NORMAL,,,,,,BC,4,,F8EHF,300,30.0,500,27.0,501.18723362727235,,,27.0,0.5011872336272724,,,v,ND,0.0,,MT MUTUMBA,30,E,2,26.0,2,S,39,52.0,30.04055555555556,-2.6644444444444444,0.52430660357271,-0.0465033282920259,1854.0,89.81861877441406,89.81861877441406,,2024-05-28 00:00:00,NOTIFIER,2024-08-25 03:06:18,,RECORDED,RECORDED,False,True,False,False,True,2024-04-03 00:00:00,,,,False,False,,,,,,,,,,90.45,90.75,1
92353916,RECORDED,NOT MODIFY,NTFD_RR,120231597,2015-60,2015-60,TB2,BDI,BDI,92353916,,A,6.0,,2013-01-01 00:00:00,2020-09-19 00:00:00,,RR11.2,1,91.3,,,,NORMAL,,,,,,BC,1,,F3EGN,180,30.0,426,25.0,316.2277660168379,,,25.0,0.3162277660168379,,,v,ND,0.0,,MT MUTUMBA,30,E,2,0.0,2,S,40,0.0,30.03333333333333,-2.6666666666666665,0.5241805520156215,-0.0465421133865146,1784.0,,,,2020-09-19 00:00:00,NOTIFIER,2020-11-03 15:59:22,,RECORDED,RECORDED,False,True,False,False,False,,,,,False,False,,,,,,,,,,91.21,91.39,1
92534338,RECORDED,MAJOR,GE84,115030710,2015-60,,T01,BDI,BDI,92534338,,,,,,2022-01-28 00:00:00,,,1,91.3,,,,NORMAL,,,,,,BC,4,,F8EHF,300,30.0,500,24.0,251.188643150958,,,24.0,0.251188643150958,,,v,ND,0.0,,MT MUTUMBA,30,E,2,26.0,2,S,39,52.0,30.04055555555556,-2.6644444444444444,0.52430660357271,-0.0465033282920259,1854.0,84.11998748779297,84.11998748779297,,2024-05-28 00:00:00,NOTIFIER,2024-08-25 03:47:06,,RECORDED,RECORDED,False,True,False,False,True,2024-04-03 00:00:00,,,,False,False,,,,,,,,,,91.15,91.45,1
92534275,RECORDED,MAJOR,GE84,84039547,MUT-91.9-2021,,T01,BDI,BDI,92534275,,,,,,2022-01-28 00:00:00,,,1,91.9,,,,NORMAL,,,,,,BC,4,,F8EHF,300,30.0,426,27.0,501.18723362727235,,,27.0,0.5011872336272724,,,v,ND,0.0,,MT MUTUMBA,30,E,2,26.0,2,S,40,52.0,30.04055555555556,-2.681111111111111,0.52430660357271,-0.0467942165006916,1784.0,75.447265625,75.447265625,,2024-05-28 00:00:00,NOTIFIER,2024-08-25 04:20:26,,RECORDED,RECORDED,False,True,False,False,True,2024-04-03 00:00:00,,,,False,False,,,,,,,,,,91.75,92.05,1
92169845,RECORDED,NOT MODIFY,NTFD_RR,120047009,,,TB2,BDI,BDI,92169845,,A,2.0,,1985-01-01 00:00:00,2020-03-03 00:00:00,,RR11.2,1,91.9,,,,NORMAL,,,,,,BC,1,,F3EGN,180,30.0,530,35.2,3311.311214825913,35.2,3.311311214825913,,,,,h,D,0.0,,MT MUTUMBA,30,E,2,0.0,2,S,40,0.0,30.03333333333333,-2.6666666666666665,0.5241805520156215,-0.0465421133865146,1900.0,,,,2020-03-03 00:00:00,NOTIFIER,2020-04-21 15:40:00,,RECORDED,RECORDED,False,True,False,False,False,,,,,False,False,,,,,,,,,,91.81,91.99,0
92534287,RECORDED,MAJOR,GE84,84108081,MUT-95.1-2021,,T01,BDI,BDI,92534287,,,,,,2022-01-28 00:00:00,,,1,95.1,,,,NORMAL,,,,,,BC,4,,F8EHF,300,30.0,500,27.0,501.18723362727235,,,27.0,0.5011872336272724,,,v,ND,0.0,,MT MUTUMBA,30,E,2,26.0,2,S,39,52.0,30.04055555555556,-2.6644444444444444,0.52430660357271,-0.0465033282920259,1854.0,80.13487243652344,80.13487243652344,,2024-05-28 00:00:00,NOTIFIER,2024-08-25 07:26:05,,RECORDED,RECORDED,False,True,False,False,True,2024-04-03 00:00:00,,,,False,False,,,,,,,,,,94.95,95.25,1
92353919,RECORDED,NOT MODIFY,NTFD_RR,120231600,2015-61,2015-61,TB2,BDI,BDI,92353919,,A,6.0,,2008-01-01 00:00:00,2020-09-19 00:00:00,,RR11.2,1,96.8,,,,NORMAL,,,,,,BC,1,,F3EGN,180,30.0,426,25.0,316.2277660168379,25.0,0.3162277660168379,,,,,h,ND,0.0,,MT MUTUMBA,30,E,2,0.0,2,S,40,0.0,30.03333333333333,-2.6666666666666665,0.5241805520156215,-0.0465421133865146,1784.0,,,,2020-09-19 00:00:00,NOTIFIER,2020-11-03 15:59:22,,RECORDED,RECORDED,False,True,False,False,False,,,,,False,False,,,,,,,,,,96.71,96.89,1
92534339,RECORDED,MAJOR,GE84,115030711,2015-61,,T01,BDI,BDI,92534339,,,,,,2022-01-28 00:00:00,,,1,96.8,,,,NORMAL,,,,,,BC,4,,F8EHF,300,30.0,500,24.0,251.188643150958,,,24.0,0.251188643150958,,,v,ND,0.0,,MT MUTUMBA,30,E,2,26.0,2,S,39,52.0,30.04055555555556,-2.6644444444444444,0.52430660357271,-0.0465033282920259,1854.0,87.31440734863281,87.31440734863281,,2024-05-28 00:00:00,NOTIFIER,2024-08-25 09:06:55,,RECORDED,RECORDED,False,True,False,False,True,2024-04-03 00:00:00,,,,False,False,,,,,,,,,,96.65,96.95,1
92534288,RECORDED,MAJOR,GE84,84108082,MUT-98.4-2021,,T01,BDI,BDI,92534288,,,,,,2022-01-28 00:00:00,,,1,98.4,,,,NORMAL,,,,,,BC,4,,F8EHF,300,30.0,500,27.0,501.18723362727235,,,27.0,0.5011872336272724,,,v,ND,0.0,,MT MUTUMBA,30,E,2,26.0,2,S,39,52.0,30.04055555555556,-2.6644444444444444,0.52430660357271,-0.0465033282920259,1854.0,77.99713897705078,77.99713897705078,,2024-05-28 00:00:00,NOTIFIER,2024-08-25 10:36:50,,RECORDED,RECORDED,False,True,False,False,True,2024-04-03 00:00:00,,,,False,False,,,,,,,,,,98.25,98.55,1
92353920,RECORDED,NOT MODIFY,NTFD_RR,120231601,2015-62,2015-62,TB2,BDI,BDI,92353920,,A,6.0,,2010-01-01 00:00:00,2020-09-19 00:00:00,,RR11.2,1,99.2,,,,NORMAL,,,,,,BC,1,,F3EGN,180,30.0,426,30.0,1000.0,30.0,1.0,,,,,h,ND,0.0,,MT MUTUMBA,30,E,2,0.0,2,S,40,0.0,30.03333333333333,-2.6666666666666665,0.5241805520156215,-0.0465421133865146,1784.0,,,,2020-09-19 00:00:00,NOTIFIER,2020-11-03 15:59:22,,RECORDED,RECORDED,False,True,False,False,False,,,,,False,False,,,,,,,,,,99.11,99.29,1
92534340,RECORDED,MAJOR,GE84,115030712,2015-62,,T01,BDI,BDI,92534340,,,,,,2022-01-28 00:00:00,,,1,99.2,,,,NORMAL,,,,,,BC,4,,F8EHF,300,30.0,500,27.0,501.18723362727235,,,27.0,0.5011872336272724,,,v,ND,0.0,,MT MUTUMBA,30,E,2,26.0,2,S,39,52.0,30.04055555555556,-2.6644444444444444,0.52430660357271,-0.0465033282920259,1854.0,94.95606994628906,94.95606994628906,,2024-05-28 00:00:00,NOTIFIER,2024-08-25 11:23:42,,RECORDED,RECORDED,False,True,False,False,True,2024-04-03 00:00:00,,,,False,False,,,,,,,,,,99.05,99.35,1
92353921,RECORDED,NOT MODIFY,NTFD_RR,120231602,2015-63,2015-63,TB2,BDI,BDI,92353921,,A,6.0,,2010-01-01 00:00:00,2020-09-19 00:00:00,,RR11.2,1,99.5,,,,NORMAL,,,,,,BC,1,,F3EGN,180,30.0,426,25.0,316.2277660168379,,,25.0,0.3162277660168379,,,v,ND,0.0,,MT MUTUMBA,30,E,2,0.0,2,S,40,0.0,30.03333333333333,-2.6666666666666665,0.5241805520156215,-0.0465421133865146,1784.0,,,,2020-09-19 00:00:00,NOTIFIER,2020-11-03 15:59:22,,RECORDED,RECORDED,False,True,False,False,False,,,,,False,False,,,,,,,,,,99.41,99.59,1
92534341,RECORDED,MAJOR,GE84,115030713,2015-63,,T01,BDI,BDI,92534341,,,,,,2022-01-28 00:00:00,,,1,99.5,,,,NORMAL,,,,,,BC,4,,F8EHF,300,30.0,426,25.0,316.2277660168379,,,25.0,0.3162277660168379,,,v,ND,0.0,,MT MUTUMBA,30,E,2,26.0,2,S,39,52.0,30.04055555555556,-2.6644444444444444,0.52430660357271,-0.0465033282920259,1784.0,97.08609008789062,97.08609008789062,,2024-05-28 00:00:00,NOTIFIER,2024-08-25 11:41:33,,RECORDED,RECORDED,False,True,False,False,True,2024-04-03 00:00:00,,,,False,False,,,,,,,,,,99.35,99.65,1
92534289,RECORDED,MAJOR,GE84,84108083,MUT-101.9-2021,,T01,BDI,BDI,92534289,,,,,,2022-01-28 00:00:00,,,1,101.9,,,,NORMAL,,,,,,BC,4,,F8EHF,300,30.0,500,27.0,501.18723362727235,,,27.0,0.5011872336272724,,,v,ND,0.0,,MT MUTUMBA,30,E,2,26.0,2,S,39,52.0,30.04055555555556,-2.6644444444444444,0.52430660357271,-0.0465033282920259,1854.0,77.84591674804688,77.84591674804688,,2024-05-28 00:00:00,NOTIFIER,2024-08-25 14:12:43,,RECORDED,RECORDED,False,True,False,False,True,2024-04-03 00:00:00,,,,False,False,,,,,,,,,,101.75,102.05,1
92534290,RECORDED,MAJOR,GE84,84108084,MUT-105.5-2021,,T01,BDI,BDI,92534290,,,,,,2022-01-28 00:00:00,,,1,105.5,,,,NORMAL,,,,,,BC,4,,F8EHF,300,30.0,500,27.0,501.18723362727235,,,27.0,0.5011872336272724,,,v,ND,0.0,,MT MUTUMBA,30,E,2,26.0,2,S,39,52.0,30.04055555555556,-2.6644444444444444,0.52430660357271,-0.0465033282920259,1854.0,81.05322265625,81.05322265625,,2024-05-28 00:00:00,NOTIFIER,2024-08-25 18:27:50,,RECORDED,RECORDED,False,True,False,False,True,2024-04-03 00:00:00,,,,False,False,,,,,,,,,,105.35,105.65,1
92360851,RECORDED,NOT MODIFY,GE84,120238532,MUT90.2-2020,,T01,BDI,BDI,92360851,,,,,,2022-01-28 00:00:00,,,1,90.2,,,,NORMAL,,,,,,BC,4,,F8EHF,300,35.0,505,27.0,501.18723362727235,,,27.0,0.5011872336272724,,,v,ND,0.0,,MUTUMBA,30,E,2,26.0,2,S,39,52.0,30.04055555555556,-2.6644444444444444,0.52430660357271,-0.0465033282920259,1854.0,111.3929443359375,111.3929443359375,,2024-05-28 00:00:00,NOTIFIER,2024-08-25 02:42:55,,RECORDED,RECORDED,False,True,False,False,True,2024-04-03 00:00:00,,,,False,False,,,,,,,,,,90.05,90.35,1
92534353,RECORDED,MAJOR,GE84,120238533,MUT107.3-2020,,T01,BDI,BDI,92534353,,,,,,2022-01-28 00:00:00,,,1,107.3,,,,NORMAL,,,,,,BC,4,,F8EHF,300,35.0,421,28.0,630.9573444801932,,,28.0,0.6309573444801932,,,v,ND,0.0,,MUTUMBA,30,E,2,26.0,2,S,39,52.0,30.04055555555556,-2.6644444444444444,0.52430660357271,-0.0465033282920259,1784.0,85.27310180664062,85.27310180664062,,2024-05-28 00:00:00,NOTIFIER,2024-08-25 20:45:14,,RECORDED,RECORDED,False,True,False,False,True,2024-04-03 00:00:00,,,,False,False,,,,,,,,,,107.15,107.45,1
81000165,RECORDED,,GE06D,106501478,BDI204,,DS1,BDI,BDI,81000165,,,,,,2006-06-01 00:00:00,,,1,187.072,,,,,,,,,,BC,,,X7EXF,1536,55.0,450,35.0,3162.2776601683795,35.0,3.1622776601683795,,,,,h,ND,0.0,,MUTUMBA,30,E,2,0.0,2,S,40,0.0,30.03333333333333,-2.6666666666666665,0.5241805520156215,-0.0465421133865146,1784.0,,,,2006-06-08 00:00:00,ITU,2019-03-03 02:46:55,,RECORDED,RECORDED,False,True,False,True,False,,,1.0,S,False,False,,,,1,,RPC4,6D,,,186.304,187.84,1
92534250,RECORDED,NOT MODIFY,GE84,122002427,MUYINGA,,T01,BDI,BDI,92534250,,,,,,2022-01-28 00:00:00,,,1,107.6,,,,NORMAL,,,,,,BC,4,,F8EHF,300,30.0,401,25.0,316.2277660168379,,,25.0,0.3162277660168379,,,v,ND,0.0,,MUYINGA,30,E,20,40.0,2,S,50,32.0,30.344444444444445,-2.8422222222222224,0.5296104652440482,-0.0496061358511268,1758.0,71.01808166503906,71.01808166503906,,2024-05-28 00:00:00,NOTIFIER,2024-08-25 21:08:46,,RECORDED,RECORDED,False,True,False,False,True,2024-04-03 00:00:00,,,,False,False,,,,,,,,,,107.45,107.75,1
92534254,RECORDED,NOT MODIFY,GE84,122002431,MWARO,,T01,BDI,BDI,92534254,,,,,,2022-01-28 00:00:00,,,1,102.0,,,,NORMAL,,,,,,BC,4,,F8EHF,300,30.0,318,25.0,316.2277660168379,,,25.0,0.3162277660168379,,,v,ND,0.0,,MWARO,29,E,42,13.0,3,S,30,33.0,29.703611111111112,-3.5091666666666668,0.5184258136208514,-0.0612465123345666,1978.0,84.3216781616211,84.3216781616211,,2024-05-28 00:00:00,NOTIFIER,2024-08-25 14:21:14,,RECORDED,RECORDED,False,True,False,False,True,2024-04-03 00:00:00,,,,False,False,,,,,,,,,,101.85,102.15,1
92534351,RECORDED,NOT MODIFY,GE84,122002528,NGO89.7,,T01,BDI,BDI,92534351,,,,,,2022-01-28 00:00:00,,,1,89.7,,,,NORMAL,,,,,,BC,4,,F8EHF,300,30.0,346,25.0,316.2277660168379,,,25.0,0.3162277660168379,,,v,ND,0.0,,NGOZI,29,E,49,34.0,2,S,54,37.0,29.82611111111111,-2.910277777777777,0.5205638419545444,-0.0507939293698452,1844.0,89.39287567138672,89.39287567138672,,2024-05-28 00:00:00,NOTIFIER,2024-08-25 02:13:41,,RECORDED,RECORDED,False,True,False,False,True,2024-04-03 00:00:00,,,,False,False,,,,,,,,,,89.55,89.85000000000001,1
92534249,RECORDED,NOT MODIFY,GE84,122002426,NGOZI,,T01,BDI,BDI,92534249,,,,,,2022-01-28 00:00:00,,,1,106.6,,,,NORMAL,,,,,,BC,4,,F8EHF,300,30.0,346,25.0,316.2277660168379,,,25.0,0.3162277660168379,,,v,ND,0.0,,NGOZI,29,E,49,34.0,2,S,54,37.0,29.82611111111111,-2.910277777777777,0.5205638419545444,-0.0507939293698452,1844.0,80.90655517578125,80.90655517578125,,2024-05-28 00:00:00,NOTIFIER,2024-08-25 19:51:35,,RECORDED,RECORDED,False,True,False,False,True,2024-04-03 00:00:00,,,,False,False,,,,,,,,,,106.45,106.75,1
92534367,RECORDED,MAJOR,GE84,120238549,RUM97.1-2020,,T01,BDI,BDI,92534367,,,,,,2022-01-28 00:00:00,,,1,97.1,,,,NORMAL,,,,,,BC,4,,F8EHF,300,35.0,48,20.0,100.0,,,20.0,0.1,,,v,ND,0.0,,RUMONGE,29,E,26,11.0,3,S,58,30.0,29.43638888888889,-3.975,0.5137619060085777,-0.0693768377667734,780.0,66.54627227783203,66.54627227783203,,2024-05-28 00:00:00,NOTIFIER,2024-08-25 09:23:43,,RECORDED,RECORDED,False,True,False,False,True,2024-04-03 00:00:00,,,,False,False,,,,,,,,,,96.95,97.25,1
92534258,RECORDED,NOT MODIFY,GE84,122002435,RUMONGE,,T01,BDI,BDI,92534258,,,,,,2022-01-28 00:00:00,,,1,107.4,,,,NORMAL,,,,,,BC,4,,F8EHF,300,30.0,43,25.0,316.2277660168379,,,25.0,0.3162277660168379,,,v,ND,0.0,,RUMONGE,29,E,26,11.0,3,S,58,30.0,29.43638888888889,-3.975,0.5137619060085777,-0.0693768377667734,780.0,86.87784576416016,86.87784576416016,,2024-05-28 00:00:00,NOTIFIER,2024-08-25 20:52:53,,RECORDED,RECORDED,False,True,False,False,True,2024-04-03 00:00:00,,,,False,False,,,,,,,,,,107.25,107.55,1
92534359,RECORDED,MAJOR,GE84,120238540,RUT89.6-2020,,T01,BDI,BDI,92534359,,,,,,2022-01-28 00:00:00,,,1,89.6,,,,NORMAL,,,,,,BC,4,,F8EHF,300,35.0,482,28.0,630.9573444801932,,,28.0,0.6309573444801932,,,v,ND,0.0,,RUTANA,29,E,59,22.0,3,S,55,28.0,29.989444444444445,-3.924444444444444,0.5234145463994684,-0.068494476867154,1765.0,69.34456634521484,69.34456634521484,,2024-05-28 00:00:00,NOTIFIER,2024-08-25 02:07:53,,RECORDED,RECORDED,False,True,False,False,True,2024-04-03 00:00:00,,,,False,False,,,,,,,,,,89.44999999999999,89.75,1
92534255,RECORDED,NOT MODIFY,GE84,122002432,RUTANA,,T01,BDI,BDI,92534255,,,,,,2022-01-28 00:00:00,,,1,98.5,,,,NORMAL,,,,,,BC,4,,F8EHF,300,30.0,477,25.0,316.2277660168379,,,25.0,0.3162277660168379,,,v,ND,0.0,,RUTANA,29,E,59,22.0,3,S,55,28.0,29.989444444444445,-3.924444444444444,0.5234145463994684,-0.068494476867154,1765.0,69.770263671875,69.770263671875,,2024-05-28 00:00:00,NOTIFIER,2024-08-25 10:42:54,,RECORDED,RECORDED,False,True,False,False,True,2024-04-03 00:00:00,,,,False,False,,,,,,,,,,98.35,98.65,1
92534267,RECORDED,NOT MODIFY,GE84,122002444,RUTANA-1,,T01,BDI,BDI,92534267,,,,,,2022-01-28 00:00:00,,,1,100.6,,,,NORMAL,,,,,,BC,4,,F8EHF,300,30.0,477,25.0,316.2277660168379,,,25.0,0.3162277660168379,,,v,ND,0.0,,RUTANA,29,E,59,22.0,3,S,55,28.0,29.989444444444445,-3.924444444444444,0.5234145463994684,-0.068494476867154,1765.0,78.65156555175781,78.65156555175781,,2024-05-28 00:00:00,NOTIFIER,2024-08-25 12:46:41,,RECORDED,RECORDED,False,True,False,False,True,2024-04-03 00:00:00,,,,False,False,,,,,,,,,,100.45,100.75,1
92534266,RECORDED,NOT MODIFY,GE84,122002443,RUYIGI-1,,T01,BDI,BDI,92534266,,,,,,2022-01-28 00:00:00,,,1,92.7,,,,NORMAL,,,,,,BC,4,,F8EHF,300,30.0,257,25.0,316.2277660168379,,,25.0,0.3162277660168379,,,v,ND,0.0,,RUYIGI,30,E,14,51.0,3,S,28,7.0,30.2475,-3.468611111111111,0.527918465496976,-0.0605386843601467,1602.0,64.23914337158203,64.23914337158203,,2024-05-28 00:00:00,NOTIFIER,2024-08-25 05:06:58,,RECORDED,RECORDED,False,True,False,False,True,2024-04-03 00:00:00,,,,False,False,,,,,,,,,,92.55,92.85,1
92534252,RECORDED,NOT MODIFY,GE84,122002429,RUYIGI,,T01,BDI,BDI,92534252,,,,,,2022-01-28 00:00:00,,,1,102.7,,,,NORMAL,,,,,,BC,4,,F8EHF,300,30.0,257,25.0,316.2277660168379,,,25.0,0.3162277660168379,,,v,ND,0.0,,RUYIGI,30,E,14,51.0,3,S,28,7.0,30.2475,-3.468611111111111,0.527918465496976,-0.0605386843601467,1602.0,68.57759094238281,68.57759094238281,,2024-05-28 00:00:00,NOTIFIER,2024-08-25 15:08:46,,RECORDED,RECORDED,False,True,False,False,True,2024-04-03 00:00:00,,,,False,False,,,,,,,,,,102.55,102.85,1
