site,network,transmitter.lat,transmitter.lon,transmitter.alt,transmitter.txw,transmitter.frq
ABARO,2443925,7.11666666666666,38.6,,7000.0,828.0
ABARO,2443926,7.11666666666666,38.6,,7000.0,829.0
ABAYA,2443567,6.45,37.9,,20000.0,5.285
ADDIS ABABA,2443002,9.0,38.2833333333333,,26000.0,11.19
ADDIS ABABA,2443003,9.0,38.2833333333333,,20000.0,11.256
ADDIS ABABA,2443004,9.0,38.2833333333333,,20000.0,11.256
ADDIS ABABA,2443051,9.0,38.2833333333333,,26000.0,13.213
ADDIS ABABA,2443212,9.0,38.2833333333333,,34000.0,19.377
ADDIS ABABA,2443217,9.0,38.2833333333333,,34000.0,19.415
ADDIS ABABA,2443297,9.0,38.2833333333333,,26000.0,23.206
ADDIS ABABA,2443608,9.0,38.2833333333333,,26000.0,5.703
ADDIS ABABA,2443671,9.0,38.2833333333333,,26000.0,6.728
ADDIS ABABA,2443678,9.0,38.2833333333333,,26000.0,6.7305
ADDIS ABABA,2443810,9.0,38.2833333333333,,20000.0,7.541
ADDIS ABABA,2443818,9.0,38.2833333333333,,20000.0,7.57
ADDIS ABABA,2443923,9.0,38.2833333333333,,26000.0,8.967
ADDIS ABABA,2443986,9.0,38.2833333333333,,34000.0,9.9225
ADDIS ABABA,2443989,9.0,38.2833333333333,,34000.0,9.9725
ADDIS ABABA,2443187,8.96666666666666,38.6666666666666,,7000.0,1724.0
ADDIS ABABA,2443083,8.98333333333333,38.6666666666666,,14000.0,148.0
ADDIS ABABA,2443049,9.03333333333333,38.7,,10000.0,129.1
ADDIS ABABA,2443529,9.03333333333333,38.7,,40000.0,5.01
ADDIS ABABA,2890201,9.03333333333333,38.7,,24000.0,9.338
ADDIS ABABA,2443089,8.96666666666666,38.7166666666666,,27000.0,15.62
ADDIS ABABA,2443090,8.96666666666666,38.7166666666666,,27000.0,15.62
ADDIS ABABA,2443689,8.96666666666666,38.7166666666666,,37000.0,6.8125
ADDIS ABABA,2443981,8.96666666666666,38.7166666666666,,27000.0,9.912
ADDIS ABABA,2443982,8.96666666666666,38.7166666666666,,27000.0,9.912
ADDIS ABABA,2443036,8.96666666666666,38.7333333333333,,20000.0,12.185
ADDIS ABABA,2443057,8.96666666666666,38.7333333333333,,30000.0,13.424
ADDIS ABABA,2443066,8.96666666666666,38.7333333333333,,26000.0,14.358
ADDIS ABABA,2443772,8.96666666666666,38.7333333333333,,20000.0,7.35
ADDIS ABABA,2443882,8.96666666666666,38.7333333333333,,20000.0,7.96
ADDIS ABABA,2443046,8.98333333333333,38.7333333333333,,14800.0,121.9
ADDIS ABABA,2443867,8.98333333333333,38.7333333333333,,20000.0,7.9
ADDIS ABABA,2443556,9.0,38.7333333333333,,30000.0,5.209
ADDIS ABABA,2443909,9.0,38.7333333333333,,30000.0,8.1042
ADDIS ABABA,2443534,8.96666666666666,38.75,,30000.0,5.056
ADDIS ABABA,2443535,8.96666666666666,38.75,,30000.0,5.056
ADDIS ABABA,2443110,8.98333333333333,38.75,,24800.0,16.425
ADDIS ABABA,2443111,8.98333333333333,38.75,,24800.0,16.425
ADDIS ABABA,2443582,9.0,38.75,,20000.0,5.395
ADDIS ABABA,2442953,9.03333333333333,38.75,,17000.0,10.1034
ADDIS ABABA,2442955,9.03333333333333,38.75,,10000.0,10.153
ADDIS ABABA,2442958,9.03333333333333,38.75,,30000.0,10.21
ADDIS ABABA,2442971,9.03333333333333,38.75,,30000.0,10.555
ADDIS ABABA,2442972,9.03333333333333,38.75,,30000.0,10.555
ADDIS ABABA,2442994,9.03333333333333,38.75,,30000.0,10.98
ADDIS ABABA,2442995,9.03333333333333,38.75,,30000.0,10.98
ADDIS ABABA,2443001,9.03333333333333,38.75,,20000.0,11.164
ADDIS ABABA,2443007,9.03333333333333,38.75,,30000.0,11.478
ADDIS ABABA,2443008,9.03333333333333,38.75,,30000.0,11.478
ADDIS ABABA,2443009,9.03333333333333,38.75,,30000.0,11.485
ADDIS ABABA,2443010,9.03333333333333,38.75,,30000.0,11.485
ADDIS ABABA,2443033,9.03333333333333,38.75,,16000.0,12.14
ADDIS ABABA,2443034,9.03333333333333,38.75,,30000.0,12.175
ADDIS ABABA,2443035,9.03333333333333,38.75,,30000.0,12.175
ADDIS ABABA,2443038,9.03333333333333,38.75,,26000.0,12.243
ADDIS ABABA,2443039,9.03333333333333,38.75,,26000.0,12.243
ADDIS ABABA,2443041,9.03333333333333,38.75,,30000.0,12.295
ADDIS ABABA,2443042,9.03333333333333,38.75,,30000.0,12.295
ADDIS ABABA,2443043,9.03333333333333,38.75,,24800.0,12.327
ADDIS ABABA,2443054,9.03333333333333,38.75,,27000.0,13.37
ADDIS ABABA,2443062,9.03333333333333,38.75,,30000.0,13.85
ADDIS ABABA,2443064,9.03333333333333,38.75,,27800.0,13.9985
ADDIS ABABA,2443065,9.03333333333333,38.75,,26000.0,14.3576
ADDIS ABABA,2443067,9.03333333333333,38.75,,30000.0,14.4
ADDIS ABABA,2443068,9.03333333333333,38.75,,30000.0,14.4
ADDIS ABABA,2443070,9.03333333333333,38.75,,34800.0,14.525
ADDIS ABABA,2443088,9.03333333333333,38.75,,27000.0,15.568
ADDIS ABABA,2443113,9.03333333333333,38.75,,26000.0,16.45
ADDIS ABABA,2443117,9.03333333333333,38.75,,20000.0,160.525
ADDIS ABABA,2443119,9.03333333333333,38.75,,20000.0,160.55
ADDIS ABABA,2443123,9.03333333333333,38.75,,20000.0,161.2
ADDIS ABABA,2443125,9.03333333333333,38.75,,20000.0,162.125
ADDIS ABABA,2443162,9.03333333333333,38.75,,27000.0,17.365
ADDIS ABABA,2443163,9.03333333333333,38.75,,30000.0,17.367
ADDIS ABABA,2443218,9.03333333333333,38.75,,27000.0,19.425
ADDIS ABABA,2443220,9.03333333333333,38.75,,30000.0,19.463
ADDIS ABABA,2443221,9.03333333333333,38.75,,30000.0,19.463
ADDIS ABABA,2443252,9.03333333333333,38.75,,30000.0,20.375
ADDIS ABABA,2443253,9.03333333333333,38.75,,30000.0,20.375
ADDIS ABABA,2443254,9.03333333333333,38.75,,37000.0,20.458
ADDIS ABABA,2443267,9.03333333333333,38.75,,30000.0,20.95
ADDIS ABABA,2443268,9.03333333333333,38.75,,30000.0,20.95
ADDIS ABABA,2443273,9.03333333333333,38.75,,27000.0,21.755
ADDIS ABABA,2443282,9.03333333333333,38.75,,26000.0,22.9044
ADDIS ABABA,2443292,9.03333333333333,38.75,,30000.0,23.104
ADDIS ABABA,2443293,9.03333333333333,38.75,,30000.0,23.104
ADDIS ABABA,2443310,9.03333333333333,38.75,,24800.0,3.18
ADDIS ABABA,2443311,9.03333333333333,38.75,,20000.0,3.245
ADDIS ABABA,2443312,9.03333333333333,38.75,,20000.0,3.325
ADDIS ABABA,2443313,9.03333333333333,38.75,,17000.0,3.385
ADDIS ABABA,2443339,9.03333333333333,38.75,,20000.0,3.824
ADDIS ABABA,2443340,9.03333333333333,38.75,,20000.0,3.824
ADDIS ABABA,2443341,9.03333333333333,38.75,,20000.0,3.84
ADDIS ABABA,2443352,9.03333333333333,38.75,,17000.0,3.945
ADDIS ABABA,2443359,9.03333333333333,38.75,,17000.0,35.0
ADDIS ABABA,2443405,9.03333333333333,38.75,,13000.0,397.0
ADDIS ABABA,2443425,9.03333333333333,38.75,,16000.0,4.035
ADDIS ABABA,2443431,9.03333333333333,38.75,,20000.0,4.055
ADDIS ABABA,2443434,9.03333333333333,38.75,,17000.0,4.385
ADDIS ABABA,2443436,9.03333333333333,38.75,,16000.0,4.415
ADDIS ABABA,2443437,9.03333333333333,38.75,,20000.0,4.44
ADDIS ABABA,2443442,9.03333333333333,38.75,,20000.0,4.45
ADDIS ABABA,2443443,9.03333333333333,38.75,,20000.0,4.455
ADDIS ABABA,2443444,9.03333333333333,38.75,,20000.0,4.455
ADDIS ABABA,2443445,9.03333333333333,38.75,,20000.0,4.455
ADDIS ABABA,2443447,9.03333333333333,38.75,,20000.0,4.46
ADDIS ABABA,2443448,9.03333333333333,38.75,,20000.0,4.46
ADDIS ABABA,2443453,9.03333333333333,38.75,,23000.0,4.505
ADDIS ABABA,2443457,9.03333333333333,38.75,,20000.0,4.5325
ADDIS ABABA,2443460,9.03333333333333,38.75,,20000.0,4.56
ADDIS ABABA,2443462,9.03333333333333,38.75,,20000.0,4.56
ADDIS ABABA,2443468,9.03333333333333,38.75,,20000.0,4.605
ADDIS ABABA,2443469,9.03333333333333,38.75,,25400.0,4.615
ADDIS ABABA,2443479,9.03333333333333,38.75,,17000.0,4.785
ADDIS ABABA,2443483,9.03333333333333,38.75,,20000.0,4.9425
ADDIS ABABA,2443527,9.03333333333333,38.75,,10000.0,45.0
ADDIS ABABA,2443530,9.03333333333333,38.75,,20000.0,5.03
ADDIS ABABA,2443537,9.03333333333333,38.75,,20000.0,5.088
ADDIS ABABA,2443539,9.03333333333333,38.75,,20000.0,5.09
ADDIS ABABA,2443543,9.03333333333333,38.75,,20000.0,5.115
ADDIS ABABA,2443559,9.03333333333333,38.75,,20000.0,5.225
ADDIS ABABA,2443563,9.03333333333333,38.75,,20000.0,5.28
ADDIS ABABA,2443566,9.03333333333333,38.75,,20000.0,5.285
ADDIS ABABA,2443568,9.03333333333333,38.75,,20000.0,5.3
ADDIS ABABA,2443572,9.03333333333333,38.75,,20000.0,5.33
ADDIS ABABA,2443575,9.03333333333333,38.75,,17000.0,5.35
ADDIS ABABA,2443576,9.03333333333333,38.75,,20000.0,5.36
ADDIS ABABA,2443577,9.03333333333333,38.75,,17000.0,5.365
ADDIS ABABA,2443578,9.03333333333333,38.75,,20000.0,5.39
ADDIS ABABA,2443580,9.03333333333333,38.75,,20000.0,5.394
ADDIS ABABA,2443585,9.03333333333333,38.75,,20000.0,5.4
ADDIS ABABA,2443589,9.03333333333333,38.75,,20000.0,5.405
ADDIS ABABA,2443596,9.03333333333333,38.75,,16000.0,5.46
ADDIS ABABA,2443597,9.03333333333333,38.75,,20000.0,5.465
ADDIS ABABA,2443598,9.03333333333333,38.75,,20000.0,5.465
ADDIS ABABA,2443601,9.03333333333333,38.75,,24800.0,5.47
ADDIS ABABA,2443605,9.03333333333333,38.75,,20000.0,5.475
ADDIS ABABA,2443614,9.03333333333333,38.75,,13000.0,5.738
ADDIS ABABA,2443617,9.03333333333333,38.75,,20000.0,5.765
ADDIS ABABA,2443618,9.03333333333333,38.75,,17800.0,5.775
ADDIS ABABA,2443619,9.03333333333333,38.75,,20000.0,5.785
ADDIS ABABA,2443628,9.03333333333333,38.75,,20000.0,5.85
ADDIS ABABA,2443629,9.03333333333333,38.75,,20000.0,5.855
ADDIS ABABA,2443630,9.03333333333333,38.75,,30000.0,5.86
ADDIS ABABA,2443631,9.03333333333333,38.75,,30000.0,5.86
ADDIS ABABA,2443639,9.03333333333333,38.75,,20000.0,5.915
ADDIS ABABA,2443640,9.03333333333333,38.75,,24800.0,5.92
ADDIS ABABA,2443641,9.03333333333333,38.75,,20000.0,5.9215
ADDIS ABABA,2443642,9.03333333333333,38.75,,20000.0,5.9255
ADDIS ABABA,2443657,9.03333333333333,38.75,,20000.0,6.21
ADDIS ABABA,2443659,9.03333333333333,38.75,,20000.0,6.24
ADDIS ABABA,2443660,9.03333333333333,38.75,,17000.0,6.389
ADDIS ABABA,2443661,9.03333333333333,38.75,,16000.0,6.445
ADDIS ABABA,2443681,9.03333333333333,38.75,,17000.0,6.755
ADDIS ABABA,2443682,9.03333333333333,38.75,,17800.0,6.775
ADDIS ABABA,2443684,9.03333333333333,38.75,,20000.0,6.785
ADDIS ABABA,2443685,9.03333333333333,38.75,,21000.0,6.787
ADDIS ABABA,2443686,9.03333333333333,38.75,,20000.0,6.79
ADDIS ABABA,2443692,9.03333333333333,38.75,,16000.0,6.8275
ADDIS ABABA,2443697,9.03333333333333,38.75,,17000.0,6.841
ADDIS ABABA,2443698,9.03333333333333,38.75,,24800.0,6.845
ADDIS ABABA,2443699,9.03333333333333,38.75,,20000.0,6.845
ADDIS ABABA,2443700,9.03333333333333,38.75,,20000.0,6.85
ADDIS ABABA,2443701,9.03333333333333,38.75,,20000.0,6.86
ADDIS ABABA,2443703,9.03333333333333,38.75,,20000.0,6.875
ADDIS ABABA,2443709,9.03333333333333,38.75,,20000.0,6.885
ADDIS ABABA,2443712,9.03333333333333,38.75,,20000.0,6.9
ADDIS ABABA,2443713,9.03333333333333,38.75,,20000.0,6.911
ADDIS ABABA,2443713,9.03333333333333,38.75,,20000.0,6.911
ADDIS ABABA,2443722,9.03333333333333,38.75,,20000.0,6.935
ADDIS ABABA,2443723,9.03333333333333,38.75,,16000.0,6.941
ADDIS ABABA,2443725,9.03333333333333,38.75,,20000.0,6.945
ADDIS ABABA,2443726,9.03333333333333,38.75,,20000.0,6.95
ADDIS ABABA,2443730,9.03333333333333,38.75,,20000.0,6.96
ADDIS ABABA,2443731,9.03333333333333,38.75,,20000.0,6.965
ADDIS ABABA,2443739,9.03333333333333,38.75,,20000.0,6.985
ADDIS ABABA,2443740,9.03333333333333,38.75,,20000.0,6.991
ADDIS ABABA,2443741,9.03333333333333,38.75,,17800.0,6.999
ADDIS ABABA,2443762,9.03333333333333,38.75,,16000.0,7.3015
ADDIS ABABA,2443768,9.03333333333333,38.75,,20000.0,7.315
ADDIS ABABA,2443775,9.03333333333333,38.75,,20000.0,7.36
ADDIS ABABA,2443779,9.03333333333333,38.75,,20000.0,7.3835
ADDIS ABABA,2443780,9.03333333333333,38.75,,20000.0,7.39
ADDIS ABABA,2443792,9.03333333333333,38.75,,16000.0,7.41
ADDIS ABABA,2443796,9.03333333333333,38.75,,20000.0,7.45
ADDIS ABABA,2443797,9.03333333333333,38.75,,20000.0,7.462
ADDIS ABABA,2443799,9.03333333333333,38.75,,17000.0,7.4675
ADDIS ABABA,2443800,9.03333333333333,38.75,,20000.0,7.48
ADDIS ABABA,2443802,9.03333333333333,38.75,,20000.0,7.495
ADDIS ABABA,2443805,9.03333333333333,38.75,,21800.0,7.505
ADDIS ABABA,2443806,9.03333333333333,38.75,,20000.0,7.515
ADDIS ABABA,2443808,9.03333333333333,38.75,,20000.0,7.535
ADDIS ABABA,2443809,9.03333333333333,38.75,,20000.0,7.538
ADDIS ABABA,2443811,9.03333333333333,38.75,,17000.0,7.545
ADDIS ABABA,2443817,9.03333333333333,38.75,,20000.0,7.565
ADDIS ABABA,2443832,9.03333333333333,38.75,,17800.0,7.65
ADDIS ABABA,2443840,9.03333333333333,38.75,,20000.0,7.715
ADDIS ABABA,2443844,9.03333333333333,38.75,,34800.0,7.73
ADDIS ABABA,2443845,9.03333333333333,38.75,,13000.0,7.734
ADDIS ABABA,2443853,9.03333333333333,38.75,,20000.0,7.81
ADDIS ABABA,2443868,9.03333333333333,38.75,,30000.0,7.9
ADDIS ABABA,2443869,9.03333333333333,38.75,,30000.0,7.9
ADDIS ABABA,2443878,9.03333333333333,38.75,,20000.0,7.93
ADDIS ABABA,2443879,9.03333333333333,38.75,,26000.0,7.935
ADDIS ABABA,2443880,9.03333333333333,38.75,,26000.0,7.935
ADDIS ABABA,2443881,9.03333333333333,38.75,,20000.0,7.952
ADDIS ABABA,2443895,9.03333333333333,38.75,,21800.0,8.028
ADDIS ABABA,2443897,9.03333333333333,38.75,,20000.0,8.045
ADDIS ABABA,2443901,9.03333333333333,38.75,,20000.0,8.055
ADDIS ABABA,2443914,9.03333333333333,38.75,,16000.0,8.15
ADDIS ABABA,2443920,9.03333333333333,38.75,,24800.0,8.19
ADDIS ABABA,2443948,9.03333333333333,38.75,,30000.0,9.062
ADDIS ABABA,2443949,9.03333333333333,38.75,,30000.0,9.062
ADDIS ABABA,2443952,9.03333333333333,38.75,,20000.0,9.14
ADDIS ABABA,2443953,9.03333333333333,38.75,,20000.0,9.18
ADDIS ABABA,2443956,9.03333333333333,38.75,,20000.0,9.2235
ADDIS ABABA,2443966,9.03333333333333,38.75,,16000.0,9.41
ADDIS ABABA,2443970,9.03333333333333,38.75,,17800.0,9.485
ADDIS ABABA,2443907,9.33333333333333,38.75,,20000.0,8.08
ADDIS ABABA,2443888,9.7,38.75,,14000.0,70.5
ADDIS ABABA,2443203,8.83333333333333,38.7666666666666,,30000.0,18.7595
ADDIS ABABA,2443863,8.95,38.7666666666666,,27800.0,7.879
ADDIS ABABA,2442968,8.96666666666666,38.7666666666666,,30000.0,10.4
ADDIS ABABA,2442970,8.96666666666666,38.7666666666666,,40000.0,10.54
ADDIS ABABA,2442974,8.96666666666666,38.7666666666666,,34800.0,10.59
ADDIS ABABA,2442975,8.96666666666666,38.7666666666666,,40000.0,10.625
ADDIS ABABA,2442975,8.96666666666666,38.7666666666666,,40000.0,10.625
ADDIS ABABA,2442976,8.96666666666666,38.7666666666666,,40000.0,10.625
ADDIS ABABA,2442976,8.96666666666666,38.7666666666666,,40000.0,10.625
ADDIS ABABA,2442984,8.96666666666666,38.7666666666666,,34000.0,10.835
ADDIS ABABA,2443012,8.96666666666666,38.7666666666666,,30000.0,11.6662
ADDIS ABABA,2443071,8.96666666666666,38.7666666666666,,40000.0,14.62
ADDIS ABABA,2443072,8.96666666666666,38.7666666666666,,40000.0,14.62
ADDIS ABABA,2443112,8.96666666666666,38.7666666666666,,34000.0,16.44
ADDIS ABABA,2443173,8.96666666666666,38.7666666666666,,24800.0,17.6775
ADDIS ABABA,2443196,8.96666666666666,38.7666666666666,,40000.0,18.036
ADDIS ABABA,2443198,8.96666666666666,38.7666666666666,,40000.0,18.281
ADDIS ABABA,2443198,8.96666666666666,38.7666666666666,,44800.0,18.281
ADDIS ABABA,2443199,8.96666666666666,38.7666666666666,,40000.0,18.281
ADDIS ABABA,2443199,8.96666666666666,38.7666666666666,,44800.0,18.281
ADDIS ABABA,2443205,8.96666666666666,38.7666666666666,,40000.0,18.87
ADDIS ABABA,2443219,8.96666666666666,38.7666666666666,,44800.0,19.46
ADDIS ABABA,2443225,8.96666666666666,38.7666666666666,,40000.0,19.66
ADDIS ABABA,2443249,8.96666666666666,38.7666666666666,,40000.0,20.044
ADDIS ABABA,2443251,8.96666666666666,38.7666666666666,,34000.0,20.095
ADDIS ABABA,2443260,8.96666666666666,38.7666666666666,,44800.0,20.835
ADDIS ABABA,2443294,8.96666666666666,38.7666666666666,,43000.0,23.185
ADDIS ABABA,2443294,8.96666666666666,38.7666666666666,,43000.0,23.185
ADDIS ABABA,2443295,8.96666666666666,38.7666666666666,,40000.0,23.185
ADDIS ABABA,2443296,8.96666666666666,38.7666666666666,,40000.0,23.185
ADDIS ABABA,2443296,8.96666666666666,38.7666666666666,,40000.0,23.185
ADDIS ABABA,2443299,8.96666666666666,38.7666666666666,,43000.0,23.38
ADDIS ABABA,2443299,8.96666666666666,38.7666666666666,,43000.0,23.38
ADDIS ABABA,2443300,8.96666666666666,38.7666666666666,,43000.0,23.38
ADDIS ABABA,2443300,8.96666666666666,38.7666666666666,,43000.0,23.38
ADDIS ABABA,2443305,8.96666666666666,38.7666666666666,,44800.0,26.405
ADDIS ABABA,2443327,8.96666666666666,38.7666666666666,,20000.0,3.625
ADDIS ABABA,2443449,8.96666666666666,38.7666666666666,,27000.0,4.465
ADDIS ABABA,2443540,8.96666666666666,38.7666666666666,,40000.0,5.1
ADDIS ABABA,2443541,8.96666666666666,38.7666666666666,,40000.0,5.1
ADDIS ABABA,2443562,8.96666666666666,38.7666666666666,,30000.0,5.265
ADDIS ABABA,2443623,8.96666666666666,38.7666666666666,,26000.0,5.80824
ADDIS ABABA,2443634,8.96666666666666,38.7666666666666,,30000.0,5.89
ADDIS ABABA,2443687,8.96666666666666,38.7666666666666,,30000.0,6.8
ADDIS ABABA,2443693,8.96666666666666,38.7666666666666,,30000.0,6.8285
ADDIS ABABA,2443695,8.96666666666666,38.7666666666666,,26000.0,6.8366
ADDIS ABABA,2443696,8.96666666666666,38.7666666666666,,26000.0,6.8366
ADDIS ABABA,2443721,8.96666666666666,38.7666666666666,,30000.0,6.927
ADDIS ABABA,2443766,8.96666666666666,38.7666666666666,,34000.0,7.305
ADDIS ABABA,2443795,8.96666666666666,38.7666666666666,,20000.0,7.43
ADDIS ABABA,2443872,8.96666666666666,38.7666666666666,,26000.0,7.91
ADDIS ABABA,2443872,8.96666666666666,38.7666666666666,,26000.0,7.91
ADDIS ABABA,2443875,8.96666666666666,38.7666666666666,,27000.0,7.92
ADDIS ABABA,2443899,8.96666666666666,38.7666666666666,,43000.0,8.05
ADDIS ABABA,2443903,8.96666666666666,38.7666666666666,,40000.0,8.065
ADDIS ABABA,2443904,8.96666666666666,38.7666666666666,,30000.0,8.065
ADDIS ABABA,2443908,8.96666666666666,38.7666666666666,,34000.0,8.1
ADDIS ABABA,2443912,8.96666666666666,38.7666666666666,,37000.0,8.13
ADDIS ABABA,2443950,8.96666666666666,38.7666666666666,,34000.0,9.11
ADDIS ABABA,2443954,8.96666666666666,38.7666666666666,,40000.0,9.212
ADDIS ABABA,2443955,8.96666666666666,38.7666666666666,,40000.0,9.212
ADDIS ABABA,2443960,8.96666666666666,38.7666666666666,,30000.0,9.307
ADDIS ABABA,2443967,8.96666666666666,38.7666666666666,,40000.0,9.438
ADDIS ABABA,2443967,8.96666666666666,38.7666666666666,,40000.0,9.438
ADDIS ABABA,2443967,8.96666666666666,38.7666666666666,,40000.0,9.438
ADDIS ABABA,2443968,8.96666666666666,38.7666666666666,,40000.0,9.438
ADDIS ABABA,2443980,8.96666666666666,38.7666666666666,,30000.0,9.91
ADDIS ABABA,2443983,8.96666666666666,38.7666666666666,,30000.0,9.916
ADDIS ABABA,2443987,8.96666666666666,38.7666666666666,,34000.0,9.93
ADDIS ABABA,2443073,8.98333333333333,38.7666666666666,,30000.0,14.6625
ADDIS ABABA,2443204,8.98333333333333,38.7666666666666,,30000.0,18.8425
ADDIS ABABA,2443643,9.0,38.7666666666666,,20000.0,5.9425
ADDIS ABABA,2443683,9.0,38.7666666666666,,20000.0,6.78
ADDIS ABABA,2443239,9.03333333333333,38.7666666666666,,20000.0,2.035
ADDIS ABABA,2443905,9.03333333333333,38.7666666666666,,20000.0,8.068
ADDIS ABABA,2443913,9.03333333333333,38.7666666666666,,20000.0,8.14
ADDIS ABABA,3190071,9.03333333333333,38.7666666666666,,40000.0,12.03
ADDIS ABABA,3190096,9.03333333333333,38.7666666666666,,30000.0,14.478
ADDIS ABABA,3190197,9.03333333333333,38.7666666666666,,40000.0,19.28
ADDIS ABABA,3190199,9.03333333333333,38.7666666666666,,40000.0,19.313
ADDIS ABABA,3190244,9.03333333333333,38.7666666666666,,40000.0,23.722
ADDIS ABABA,3190251,9.03333333333333,38.7666666666666,,43000.0,24.472
ADDIS ABABA,3190254,9.03333333333333,38.7666666666666,,40000.0,24.556
ADDIS ABABA,3190268,9.03333333333333,38.7666666666666,,40000.0,26.28
ADDIS ABABA,2442956,8.83333333333333,38.7833333333333,,44000.0,10.18
ADDIS ABABA,2442957,8.83333333333333,38.7833333333333,,34000.0,10.1925
ADDIS ABABA,2442965,8.83333333333333,38.7833333333333,,34000.0,10.34
ADDIS ABABA,2442965,8.83333333333333,38.7833333333333,,34000.0,10.34
ADDIS ABABA,2442977,8.83333333333333,38.7833333333333,,44800.0,10.685
ADDIS ABABA,2442980,8.83333333333333,38.7833333333333,,40000.0,10.806
ADDIS ABABA,2442981,8.83333333333333,38.7833333333333,,40000.0,10.806
ADDIS ABABA,2442981,8.83333333333333,38.7833333333333,,40000.0,10.806
ADDIS ABABA,2442982,8.83333333333333,38.7833333333333,,44800.0,10.8122
ADDIS ABABA,2442983,8.83333333333333,38.7833333333333,,44800.0,10.8122
ADDIS ABABA,2442985,8.83333333333333,38.7833333333333,,44800.0,10.8625
ADDIS ABABA,2442986,8.83333333333333,38.7833333333333,,44800.0,10.865
ADDIS ABABA,2442987,8.83333333333333,38.7833333333333,,40000.0,10.87
ADDIS ABABA,2442988,8.83333333333333,38.7833333333333,,34000.0,10.87
ADDIS ABABA,2442989,8.83333333333333,38.7833333333333,,40000.0,10.87
ADDIS ABABA,2442990,8.83333333333333,38.7833333333333,,44800.0,10.87
ADDIS ABABA,2442991,8.83333333333333,38.7833333333333,,40000.0,10.94
ADDIS ABABA,2442992,8.83333333333333,38.7833333333333,,40000.0,10.94
ADDIS ABABA,2442993,8.83333333333333,38.7833333333333,,40000.0,10.94
ADDIS ABABA,2442997,8.83333333333333,38.7833333333333,,40000.0,11.13
ADDIS ABABA,2442998,8.83333333333333,38.7833333333333,,40000.0,11.13
ADDIS ABABA,2442999,8.83333333333333,38.7833333333333,,34000.0,11.13
ADDIS ABABA,2443000,8.83333333333333,38.7833333333333,,40000.0,11.13
ADDIS ABABA,2443011,8.83333333333333,38.7833333333333,,44800.0,11.538
ADDIS ABABA,2443013,8.83333333333333,38.7833333333333,,40000.0,11.987
ADDIS ABABA,2443014,8.83333333333333,38.7833333333333,,30000.0,11.99
ADDIS ABABA,2443015,8.83333333333333,38.7833333333333,,30000.0,11.99
ADDIS ABABA,2443016,8.83333333333333,38.7833333333333,,34000.0,11.99
ADDIS ABABA,2443037,8.83333333333333,38.7833333333333,,40000.0,12.1855
ADDIS ABABA,2443058,8.83333333333333,38.7833333333333,,40000.0,13.844
ADDIS ABABA,2443059,8.83333333333333,38.7833333333333,,40000.0,13.844
ADDIS ABABA,2443060,8.83333333333333,38.7833333333333,,40000.0,13.844
ADDIS ABABA,2443061,8.83333333333333,38.7833333333333,,44800.0,13.844
ADDIS ABABA,2443063,8.83333333333333,38.7833333333333,,34000.0,13.98
ADDIS ABABA,2443069,8.83333333333333,38.7833333333333,,44800.0,14.412
ADDIS ABABA,2443074,8.83333333333333,38.7833333333333,,34000.0,14.6662
ADDIS ABABA,2443085,8.83333333333333,38.7833333333333,,40000.0,15.54
ADDIS ABABA,2443086,8.83333333333333,38.7833333333333,,40000.0,15.54
ADDIS ABABA,2443087,8.83333333333333,38.7833333333333,,43000.0,15.54
ADDIS ABABA,2443091,8.83333333333333,38.7833333333333,,40000.0,15.63
ADDIS ABABA,2443092,8.83333333333333,38.7833333333333,,40000.0,15.63
ADDIS ABABA,2443093,8.83333333333333,38.7833333333333,,40000.0,15.665
ADDIS ABABA,2443094,8.83333333333333,38.7833333333333,,40000.0,15.73
ADDIS ABABA,2443095,8.83333333333333,38.7833333333333,,40000.0,15.73
ADDIS ABABA,2443107,8.83333333333333,38.7833333333333,,40000.0,16.255
ADDIS ABABA,2443108,8.83333333333333,38.7833333333333,,36000.0,16.255
ADDIS ABABA,2443108,8.83333333333333,38.7833333333333,,36000.0,16.255
ADDIS ABABA,2443108,8.83333333333333,38.7833333333333,,44800.0,16.255
ADDIS ABABA,2443109,8.83333333333333,38.7833333333333,,40000.0,16.255
ADDIS ABABA,2443164,8.83333333333333,38.7833333333333,,40000.0,17.418
ADDIS ABABA,2443165,8.83333333333333,38.7833333333333,,44800.0,17.425
ADDIS ABABA,2443166,8.83333333333333,38.7833333333333,,44800.0,17.425
ADDIS ABABA,2443167,8.83333333333333,38.7833333333333,,40000.0,17.435
ADDIS ABABA,2443168,8.83333333333333,38.7833333333333,,44800.0,17.495
ADDIS ABABA,2443197,8.83333333333333,38.7833333333333,,40000.0,18.27
ADDIS ABABA,2443200,8.83333333333333,38.7833333333333,,44800.0,18.388
ADDIS ABABA,2443201,8.83333333333333,38.7833333333333,,40000.0,18.39
ADDIS ABABA,2443202,8.83333333333333,38.7833333333333,,40000.0,18.39
ADDIS ABABA,2443210,8.83333333333333,38.7833333333333,,40000.0,19.045
ADDIS ABABA,2443211,8.83333333333333,38.7833333333333,,40000.0,19.045
ADDIS ABABA,2443213,8.83333333333333,38.7833333333333,,40000.0,19.41142
ADDIS ABABA,2443214,8.83333333333333,38.7833333333333,,40000.0,19.41142
ADDIS ABABA,2443215,8.83333333333333,38.7833333333333,,40000.0,19.41142
ADDIS ABABA,2443216,8.83333333333333,38.7833333333333,,43000.0,19.4115
ADDIS ABABA,2443222,8.83333333333333,38.7833333333333,,40000.0,19.555
ADDIS ABABA,2443223,8.83333333333333,38.7833333333333,,40000.0,19.555
ADDIS ABABA,2443224,8.83333333333333,38.7833333333333,,40000.0,19.555
ADDIS ABABA,2443224,8.83333333333333,38.7833333333333,,43000.0,19.555
ADDIS ABABA,2443224,8.83333333333333,38.7833333333333,,44800.0,19.555
ADDIS ABABA,2443226,8.83333333333333,38.7833333333333,,40000.0,19.845
ADDIS ABABA,2443250,8.83333333333333,38.7833333333333,,44800.0,20.0525
ADDIS ABABA,2443255,8.83333333333333,38.7833333333333,,40000.0,20.545
ADDIS ABABA,2443256,8.83333333333333,38.7833333333333,,40000.0,20.545
ADDIS ABABA,2443257,8.83333333333333,38.7833333333333,,40000.0,20.58
ADDIS ABABA,2443258,8.83333333333333,38.7833333333333,,40000.0,20.58
ADDIS ABABA,2443259,8.83333333333333,38.7833333333333,,40000.0,20.58
ADDIS ABABA,2443261,8.83333333333333,38.7833333333333,,40000.0,20.875
ADDIS ABABA,2443262,8.83333333333333,38.7833333333333,,40000.0,20.875
ADDIS ABABA,2443263,8.83333333333333,38.7833333333333,,44800.0,20.875
ADDIS ABABA,2443264,8.83333333333333,38.7833333333333,,40000.0,20.89
ADDIS ABABA,2443274,8.83333333333333,38.7833333333333,,44800.0,21.825
ADDIS ABABA,2443275,8.83333333333333,38.7833333333333,,44800.0,21.825
ADDIS ABABA,2443276,8.83333333333333,38.7833333333333,,40000.0,21.845
ADDIS ABABA,2443277,8.83333333333333,38.7833333333333,,44800.0,21.845
ADDIS ABABA,2443285,8.83333333333333,38.7833333333333,,36000.0,23.005
ADDIS ABABA,2443286,8.83333333333333,38.7833333333333,,36000.0,23.005
ADDIS ABABA,2443287,8.83333333333333,38.7833333333333,,36000.0,23.005
ADDIS ABABA,2443288,8.83333333333333,38.7833333333333,,40000.0,23.005
ADDIS ABABA,2443289,8.83333333333333,38.7833333333333,,36000.0,23.005
ADDIS ABABA,2443290,8.83333333333333,38.7833333333333,,40000.0,23.005
ADDIS ABABA,2443291,8.83333333333333,38.7833333333333,,40000.0,23.005
ADDIS ABABA,2443298,8.83333333333333,38.7833333333333,,40000.0,23.37
ADDIS ABABA,2443301,8.83333333333333,38.7833333333333,,40000.0,23.475
ADDIS ABABA,2443303,8.83333333333333,38.7833333333333,,44800.0,24.825
ADDIS ABABA,2443446,8.83333333333333,38.7833333333333,,30000.0,4.457
ADDIS ABABA,2443458,8.83333333333333,38.7833333333333,,26000.0,4.54
ADDIS ABABA,2443459,8.83333333333333,38.7833333333333,,27000.0,4.544
ADDIS ABABA,2443550,8.83333333333333,38.7833333333333,,40000.0,5.172
ADDIS ABABA,2443551,8.83333333333333,38.7833333333333,,40000.0,5.172
ADDIS ABABA,2443552,8.83333333333333,38.7833333333333,,30000.0,5.172
ADDIS ABABA,2443552,8.83333333333333,38.7833333333333,,40000.0,5.172
ADDIS ABABA,2443553,8.83333333333333,38.7833333333333,,34000.0,5.172
ADDIS ABABA,2443557,8.83333333333333,38.7833333333333,,30000.0,5.21
ADDIS ABABA,2443558,8.83333333333333,38.7833333333333,,30000.0,5.21
ADDIS ABABA,2443569,8.83333333333333,38.7833333333333,,26000.0,5.31
ADDIS ABABA,2443570,8.83333333333333,38.7833333333333,,30000.0,5.3125
ADDIS ABABA,2443571,8.83333333333333,38.7833333333333,,30000.0,5.3125
ADDIS ABABA,2443574,8.83333333333333,38.7833333333333,,34000.0,5.338
ADDIS ABABA,2443592,8.83333333333333,38.7833333333333,,27000.0,5.44
ADDIS ABABA,2443621,8.83333333333333,38.7833333333333,,30000.0,5.8
ADDIS ABABA,2443622,8.83333333333333,38.7833333333333,,30000.0,5.8
ADDIS ABABA,2443624,8.83333333333333,38.7833333333333,,26000.0,5.825
ADDIS ABABA,2443627,8.83333333333333,38.7833333333333,,34000.0,5.845
ADDIS ABABA,2443690,8.83333333333333,38.7833333333333,,30000.0,6.82
ADDIS ABABA,2443691,8.83333333333333,38.7833333333333,,30000.0,6.82
ADDIS ABABA,2443694,8.83333333333333,38.7833333333333,,30000.0,6.835
ADDIS ABABA,2443702,8.83333333333333,38.7833333333333,,30000.0,6.87
ADDIS ABABA,2443708,8.83333333333333,38.7833333333333,,30000.0,6.88
ADDIS ABABA,2443717,8.83333333333333,38.7833333333333,,30000.0,6.92
ADDIS ABABA,2443718,8.83333333333333,38.7833333333333,,30000.0,6.92
ADDIS ABABA,2443719,8.83333333333333,38.7833333333333,,30000.0,6.92
ADDIS ABABA,2443732,8.83333333333333,38.7833333333333,,34000.0,6.97
ADDIS ABABA,2443733,8.83333333333333,38.7833333333333,,34000.0,6.97
ADDIS ABABA,2443734,8.83333333333333,38.7833333333333,,40000.0,6.97
ADDIS ABABA,2443769,8.83333333333333,38.7833333333333,,30000.0,7.33
ADDIS ABABA,2443776,8.83333333333333,38.7833333333333,,30000.0,7.375
ADDIS ABABA,2443777,8.83333333333333,38.7833333333333,,30000.0,7.375
ADDIS ABABA,2443803,8.83333333333333,38.7833333333333,,34000.0,7.5
ADDIS ABABA,2443804,8.83333333333333,38.7833333333333,,30000.0,7.5
ADDIS ABABA,2443813,8.83333333333333,38.7833333333333,,30000.0,7.56
ADDIS ABABA,2443814,8.83333333333333,38.7833333333333,,30000.0,7.56
ADDIS ABABA,2443815,8.83333333333333,38.7833333333333,,30000.0,7.56
ADDIS ABABA,2443816,8.83333333333333,38.7833333333333,,30000.0,7.56
ADDIS ABABA,2443822,8.83333333333333,38.7833333333333,,30000.0,7.585
ADDIS ABABA,2443827,8.83333333333333,38.7833333333333,,30000.0,7.62
ADDIS ABABA,2443828,8.83333333333333,38.7833333333333,,30000.0,7.62
ADDIS ABABA,2443831,8.83333333333333,38.7833333333333,,30000.0,7.64
ADDIS ABABA,2443836,8.83333333333333,38.7833333333333,,30000.0,7.705
ADDIS ABABA,2443837,8.83333333333333,38.7833333333333,,40000.0,7.705
ADDIS ABABA,2443838,8.83333333333333,38.7833333333333,,30000.0,7.705
ADDIS ABABA,2443843,8.83333333333333,38.7833333333333,,30000.0,7.727
ADDIS ABABA,2443851,8.83333333333333,38.7833333333333,,44000.0,7.78
ADDIS ABABA,2443857,8.83333333333333,38.7833333333333,,30000.0,7.835
ADDIS ABABA,2443861,8.83333333333333,38.7833333333333,,34000.0,7.87
ADDIS ABABA,2443865,8.83333333333333,38.7833333333333,,34000.0,7.89
ADDIS ABABA,2443866,8.83333333333333,38.7833333333333,,34000.0,7.89
ADDIS ABABA,2443876,8.83333333333333,38.7833333333333,,30000.0,7.927
ADDIS ABABA,2443877,8.83333333333333,38.7833333333333,,30000.0,7.927
ADDIS ABABA,2443896,8.83333333333333,38.7833333333333,,34000.0,8.035
ADDIS ABABA,2443917,8.83333333333333,38.7833333333333,,44800.0,8.1555
ADDIS ABABA,2443919,8.83333333333333,38.7833333333333,,30000.0,8.18
ADDIS ABABA,2443962,8.83333333333333,38.7833333333333,,40000.0,9.38
ADDIS ABABA,2443964,8.83333333333333,38.7833333333333,,34000.0,9.402
ADDIS ABABA,2443965,8.83333333333333,38.7833333333333,,34000.0,9.402
ADDIS ABABA,2443974,8.83333333333333,38.7833333333333,,30000.0,9.82
ADDIS ABABA,2443911,8.83333333333333,38.8,,26000.0,8.1225
ADDIS ABABA,2442973,8.85,38.8,,30000.0,10.558
ADDIS ABABA,2442943,8.98333333333333,38.8,,27800.0,0.333
ADDIS ABABA,2442945,8.98333333333333,38.8,,18800.0,0.352
ADDIS ABABA,2442954,8.98333333333333,38.8,,34000.0,10.125
ADDIS ABABA,2443005,8.98333333333333,38.8,,35400.0,11.3014
ADDIS ABABA,2443017,8.98333333333333,38.8,,17000.0,110.3
ADDIS ABABA,2443018,8.98333333333333,38.8,,23000.0,112.9
ADDIS ABABA,2443020,8.98333333333333,38.8,,23000.0,1163.0
ADDIS ABABA,2443021,8.98333333333333,38.8,,14800.0,118.1
ADDIS ABABA,2443028,8.98333333333333,38.8,,17000.0,119.7
ADDIS ABABA,2443045,8.98333333333333,38.8,,17000.0,121.5
ADDIS ABABA,2443048,8.98333333333333,38.8,,23000.0,125.1
ADDIS ABABA,2443052,8.98333333333333,38.8,,35400.0,13.2894
ADDIS ABABA,2443053,8.98333333333333,38.8,,30000.0,13.3404
ADDIS ABABA,2443174,8.98333333333333,38.8,,30000.0,17.9324
ADDIS ABABA,2443175,8.98333333333333,38.8,,35000.0,17.9624
ADDIS ABABA,2443309,8.98333333333333,38.8,,20000.0,3.169
ADDIS ABABA,2443314,8.98333333333333,38.8,,35400.0,3.4684
ADDIS ABABA,2443555,8.98333333333333,38.8,,20000.0,5.18
ADDIS ABABA,2443606,8.98333333333333,38.8,,21800.0,5.5274
ADDIS ABABA,2443607,8.98333333333333,38.8,,35400.0,5.6594
ADDIS ABABA,2443662,8.98333333333333,38.8,,21800.0,6.535
ADDIS ABABA,2443663,8.98333333333333,38.8,,28500.0,6.5754
ADDIS ABABA,2443664,8.98333333333333,38.8,,21800.0,6.6744
ADDIS ABABA,2443921,8.98333333333333,38.8,,28500.0,8.8714
ADDIS ABABA,2443922,8.98333333333333,38.8,,30000.0,8.9284
ADDIS ABABA,2442960,9.0,38.8,,14800.0,10.24
ADDIS ABABA,2443032,9.0,38.8333333333333,,16000.0,12.14
ADDIS ABABA,2443429,9.0,38.8333333333333,,16000.0,4.045
ADDIS ABABA,2443975,9.0,38.8333333333333,,30000.0,9.84
ADDIS ABABA,2443976,9.0,38.8333333333333,,30000.0,9.84
ADDIS ABABA,2443542,9.03333333333333,38.8333333333333,,20000.0,5.105
ADDIS ABABA,2443839,9.03333333333333,38.8333333333333,,20000.0,7.71
ADDIS ABABA,2883898,9.0,38.9666666666666,,30000.0,14.9699
ADDIS ABABA,2883930,9.0,38.9666666666666,,30000.0,14.9699
ADDIS ABABA,2884473,9.0,38.9666666666666,,30000.0,17.4284
ADDIS ABABA,2884502,9.0,38.9666666666666,,30000.0,17.4284
ADDIS ABABA,2884812,9.0,38.9666666666666,,30000.0,20.0114
ADDIS ABABA,2884839,9.0,38.9666666666666,,30000.0,20.0114
ADDIS ABABA,2884936,9.0,38.9666666666666,,30000.0,20.9594
ADDIS ABABA,2884964,9.0,38.9666666666666,,30000.0,20.9594
ADDIS ABABA,2885178,9.0,38.9666666666666,,30000.0,23.5304
ADDIS ABABA,2885196,9.0,38.9666666666666,,30000.0,23.5304
ADDIS ABABA,2885382,9.0,38.9666666666666,,30000.0,26.6614
ADDIS ABABA,2885393,9.0,38.9666666666666,,30000.0,26.6614
ADDIS ABABA,2443533,9.01666666666666,38.9666666666666,,20000.0,5.045
ADDIS ABABA QQ,2442962,9.0,38.2833333333333,,34000.0,10.289
ADDIS ABABA QQ,2442963,9.0,38.2833333333333,,34000.0,10.289
ADDIS ABABA QQ,2442964,9.0,38.2833333333333,,34000.0,10.289
ADDIS ABABA QQ,2443169,9.0,38.2833333333333,,34000.0,17.564
ADDIS ABABA QQ,2443170,9.0,38.2833333333333,,34000.0,17.564
ADDIS ABABA QQ,2443171,9.0,38.2833333333333,,34000.0,17.585
ADDIS ABABA QQ,2443172,9.0,38.2833333333333,,34000.0,17.585
ADDIS ABABA QQ,2443240,9.0,38.2833333333333,,30000.0,2.601
ADDIS ABABA QQ,2443241,9.0,38.2833333333333,,24000.0,2.66
ADDIS ABABA QQ,2443242,9.0,38.2833333333333,,24000.0,2.66
ADDIS ABABA QQ,2443245,9.0,38.2833333333333,,24000.0,2.806
ADDIS ABABA QQ,2443246,9.0,38.2833333333333,,24000.0,2.806
ADDIS ABABA QQ,2443247,9.0,38.2833333333333,,30000.0,2.839
ADDIS ABABA QQ,2443248,9.0,38.2833333333333,,30000.0,2.846
ADDIS ABABA QQ,2443347,9.0,38.2833333333333,,34000.0,3.898
ADDIS ABABA QQ,2443348,9.0,38.2833333333333,,34000.0,3.898
ADDIS ABABA QQ,2443450,9.0,38.2833333333333,,20000.0,4.47
ADDIS ABABA QQ,2443544,9.0,38.2833333333333,,24800.0,5.117
ADDIS ABABA QQ,2443549,9.0,38.2833333333333,,24800.0,5.166
ADDIS ABABA QQ,2443715,9.0,38.2833333333333,,34000.0,6.915
ADDIS ABABA QQ,2443716,9.0,38.2833333333333,,34000.0,6.915
ADDIS ABABA QQ,2443873,9.0,38.2833333333333,,24000.0,7.918
ADDIS ABABA QQ,2443874,9.0,38.2833333333333,,24000.0,7.918
ADDIS ABABA QQ,2443883,9.0,38.2833333333333,,30000.0,7.983
ADDIS ABABA QQ,2443884,9.0,38.2833333333333,,30000.0,7.983
ADDIS ABABA QQ,2443906,9.0,38.2833333333333,,30000.0,8.073
ADDIS ABABA QQ,2443959,9.0,38.2833333333333,,30000.0,9.2475
ADDIS ABABA QQ,2442996,8.98333333333333,38.8,,33000.0,11.1144
ADDIS ABABA QQ,2443040,8.98333333333333,38.8,,27800.0,12.247
ADDIS ABABA QQ,2443343,8.98333333333333,38.8,,29000.0,3.85
ADDIS ABABA QQ,2443344,8.98333333333333,38.8,,29000.0,3.85
ADDIS ABABA QQ,2443454,8.98333333333333,38.8,,33000.0,4.5125
ADDIS ABABA QQ,2443824,8.98333333333333,38.8,,29000.0,7.595
ADDIS ABABA QQ,2443910,8.98333333333333,38.8,,27800.0,8.115
ADDIS ABABA QQ,2443961,8.98333333333333,38.8,,27800.0,9.33
ADDIS ABABA QQ,2443969,8.98333333333333,38.8,,33000.0,9.4625
ADDIS ABABA QQ,2443979,8.98333333333333,38.8,,34000.0,9.8735
ADDIS ABEBA,2443143,9.03333333333333,38.75,,14000.0,166.0
ADDIS ABEBA,2443265,9.03333333333333,38.75,,30000.0,20.9
ADDIS ABEBA,2443266,9.03333333333333,38.75,,30000.0,20.9
AGELCHO,2443319,8.08333333333333,39.0833333333333,,20000.0,3.545
ARBA MINCHE,2443417,5.88333333333333,37.55,,20000.0,4.01
ARBA MINCHE,2443688,6.0,38.65,,20000.0,6.805
ARUSI,2443788,7.08333333333333,39.2166666666666,,20000.0,7.405
ASELA,2443326,7.95,39.1166666666666,,20000.0,3.545
ASELA,2443785,7.95,39.1166666666666,,20000.0,7.405
ASOSA,2443581,10.0666666666666,34.5166666666666,,20000.0,5.394
ASOSA,2443823,10.0666666666666,34.5166666666666,,26000.0,7.59
ASOSA,2443918,10.0666666666666,34.5166666666666,,26000.0,8.16
ASOSA ARUSI,2443322,7.08333333333333,39.2166666666666,,20000.0,3.545
ASSELLA,2443337,7.95,39.1166666666666,,20000.0,3.715
ASSELLA,2443338,7.95,39.1166666666666,,20000.0,3.715
AWASA,2442940,7.03333333333333,38.4666666666666,,27000.0,0.27
AWASA,2443632,7.03333333333333,38.4666666666666,,20000.0,5.865
AWASA,2443103,7.08333333333333,38.4666666666666,,10000.0,158.31
AWASA,2443616,7.08333333333333,38.4666666666666,,20000.0,5.755
AWASA,2442933,7.06666666666666,38.5,,18800.0,0.212
AWASA,2443928,7.03333333333333,38.7333333333333,,7000.0,830.0
AWASA,2442959,7.25,38.75,,14800.0,10.24
AWASH,2443451,8.98333333333333,40.15,,20000.0,4.48
AWASH,2442946,9.1,40.3166666666666,,19000.0,0.355
AXUM,2442935,14.1166666666666,38.7166666666666,,18800.0,0.238
BAHAR DAR,2443472,11.6,37.4166666666666,,27000.0,4.627
BAHAR DAR,2443856,11.6,37.4166666666666,,27000.0,7.83
BAHAR DAR,2443936,11.6,37.4166666666666,,7000.0,880.0
BEKOJI,2443323,7.5,39.2666666666666,,20000.0,3.545
BEKOJI,2443789,7.5,39.2666666666666,,20000.0,7.405
BILLATE,2443714,6.96666666666666,38.1333333333333,,20000.0,6.911
BOLE,2443146,6.66666666666666,37.05,,16000.0,168.0
BULKI,2443771,6.18333333333333,36.6333333333333,,27000.0,7.345
BULKI,2443819,9.93333333333333,43.1833333333333,,30000.0,7.578
BUTAGIRA,2443455,8.1,38.4,,33000.0,4.52
CHENCHA,2442978,6.26666666666666,37.6333333333333,,20000.0,10.775
CHENCHA,2442979,6.26666666666666,37.6333333333333,,20000.0,10.775
CHENCHA,2443603,6.26666666666666,37.6333333333333,,20000.0,5.475
CHENCHA,2443633,6.26666666666666,37.6333333333333,,23000.0,5.8725
CHENCHA,2443770,6.26666666666666,37.6333333333333,,27000.0,7.34
CHENCHA,2443900,6.26666666666666,37.6333333333333,,23000.0,8.05
COMBOLCIA,2442947,11.0666666666666,39.7,,27000.0,0.37
D ZEIT,2443963,8.75,38.9833333333333,,27000.0,9.3915
DEBRA MARKOS,2442934,10.25,37.6666666666666,,18800.0,0.231
DEBRA MARKOS,2443637,10.3333333333333,37.7333333333333,,20000.0,5.9065
DEBRA MARKOS,2443638,10.3333333333333,37.7333333333333,,20000.0,5.9065
DEBRA MARKOS,2443934,10.3333333333333,37.7333333333333,,7000.0,858.0
DEBRA MARKOS,2442951,10.35,37.7833333333333,,19000.0,0.394
DEBRA MARKOS,2443677,10.35,37.7833333333333,,20000.0,6.7305
DEBRA ZEIT,2443176,8.73333333333333,38.9666666666666,,13000.0,170.0
DEBRA ZEIT,2443315,8.75,38.9833333333333,,24000.0,3.53
DEBRA ZEIT,2443316,8.75,38.9833333333333,,24000.0,3.53
DEBRA ZEIT,2443328,8.75,38.9833333333333,,26000.0,3.64
DEBRA ZEIT,2443329,8.75,38.9833333333333,,26000.0,3.64
DEBRA ZEIT,2443330,8.75,38.9833333333333,,26000.0,3.64
DEBRA ZEIT,2443331,8.75,38.9833333333333,,26000.0,3.65
DEBRA ZEIT,2443332,8.75,38.9833333333333,,26000.0,3.65
DEBRA ZEIT,2443333,8.75,38.9833333333333,,26000.0,3.65
DEBRA ZEIT,2443334,8.75,38.9833333333333,,26000.0,3.69
DEBRA ZEIT,2443335,8.75,38.9833333333333,,26000.0,3.69
DEBRA ZEIT,2443336,8.75,38.9833333333333,,26000.0,3.69
DEBRA ZEIT,2443345,8.75,38.9833333333333,,24000.0,3.887
DEBRA ZEIT,2443346,8.75,38.9833333333333,,24000.0,3.887
DEBRA ZEIT,2443349,8.75,38.9833333333333,,26000.0,3.92
DEBRA ZEIT,2443350,8.75,38.9833333333333,,26000.0,3.92
DEBRA ZEIT,2443351,8.75,38.9833333333333,,26000.0,3.92
DEBRA ZEIT,2443353,8.75,38.9833333333333,,24000.0,3.96
DEBRA ZEIT,2443354,8.75,38.9833333333333,,24000.0,3.96
DEBRA ZEIT,2443593,8.75,38.9833333333333,,26000.0,5.45
DEBRA ZEIT,2443594,8.75,38.9833333333333,,26000.0,5.45
DEBRA ZEIT,2443595,8.75,38.9833333333333,,26000.0,5.45
DEBRA ZEIT,2443610,8.75,38.9833333333333,,26000.0,5.718
DEBRA ZEIT,2443611,8.75,38.9833333333333,,26000.0,5.718
DEBRA ZEIT,2443612,8.75,38.9833333333333,,26000.0,5.718
DEBRA ZEIT,2443665,8.75,38.9833333333333,,26000.0,6.695
DEBRA ZEIT,2443666,8.75,38.9833333333333,,26000.0,6.695
DEBRA ZEIT,2443667,8.75,38.9833333333333,,26000.0,6.695
DEBRA ZEIT,2443668,8.75,38.9833333333333,,26000.0,6.705
DEBRA ZEIT,2443669,8.75,38.9833333333333,,26000.0,6.705
DEBRA ZEIT,2443670,8.75,38.9833333333333,,26000.0,6.705
DEBRA ZEIT,2443727,8.75,38.9833333333333,,26000.0,6.957
DEBRA ZEIT,2443728,8.75,38.9833333333333,,26000.0,6.957
DEBRA ZEIT,2443729,8.75,38.9833333333333,,26000.0,6.957
DEBRA ZEIT,2443736,8.75,38.9833333333333,,26000.0,6.98
DEBRA ZEIT,2443737,8.75,38.9833333333333,,26000.0,6.98
DEBRA ZEIT,2443738,8.75,38.9833333333333,,26000.0,6.98
DEBRA ZEIT,2443773,8.75,38.9833333333333,,24000.0,7.355
DEBRA ZEIT,2443774,8.75,38.9833333333333,,24000.0,7.355
DEBRA ZEIT,2443825,8.75,38.9833333333333,,26000.0,7.6155
DEBRA ZEIT,2443826,8.75,38.9833333333333,,26000.0,7.6155
DEBRA ZEIT,2443829,8.75,38.9833333333333,,26000.0,7.635
DEBRA ZEIT,2443830,8.75,38.9833333333333,,26000.0,7.635
DEBRA ZEIT,2443892,8.75,38.9833333333333,,26000.0,8.005
DEBRA ZEIT,2443940,8.75,38.9833333333333,,26000.0,9.013
DEBRA ZEIT,2443941,8.75,38.9833333333333,,26000.0,9.013
DEBRA ZEIT,2443942,8.75,38.9833333333333,,26000.0,9.013
DEBRA ZEIT,2443943,8.75,38.9833333333333,,26000.0,9.023
DEBRA ZEIT,2443944,8.75,38.9833333333333,,26000.0,9.023
DEBRA ZEIT,2443945,8.75,38.9833333333333,,26000.0,9.023
DEBRA ZEIT QQ,2443055,8.75,38.9833333333333,,26000.0,13.39
DEBRA ZEIT QQ,2443056,8.75,38.9833333333333,,26000.0,13.39
DEBRA ZEIT QQ,2443407,8.75,38.9833333333333,,24800.0,4.005
DEBRA ZEIT QQ,2443412,8.75,38.9833333333333,,24800.0,4.005
DEBRA ZEIT QQ,2443846,8.75,38.9833333333333,,24800.0,7.74
DELEGI,2442961,12.1,36.5,,20000.0,10.265
DELEGI,2443852,12.1,36.5,,20000.0,7.785
DEMBIDOLLA,2443463,8.53333333333333,34.7833333333333,,26000.0,4.565
DEMBIDOLLO,2443870,8.53333333333333,34.7833333333333,,27000.0,7.91
DEMBIDOLLO,2443871,8.53333333333333,34.7833333333333,,27000.0,7.91
DEMBIDOLLO,2443885,8.53333333333333,34.7833333333333,,30000.0,7.99
DEMBIDOLLO,2443886,8.53333333333333,34.7833333333333,,30000.0,7.99
DEMBIDOLLO,2442944,8.58333333333333,34.8666666666666,,19000.0,0.34
DEMBIDOLLO,2443672,8.58333333333333,34.8666666666666,,21800.0,6.7305
DESSIE,2443767,11.0,39.6166666666666,,20000.0,7.315
DESSIE,2443560,11.1166666666666,39.6333333333333,,20000.0,5.26
DESSIE,2443561,11.1166666666666,39.6333333333333,,20000.0,5.26
DESSIE,2443915,11.1166666666666,39.7166666666666,,30000.0,8.155
DESSIE,2443916,11.1166666666666,39.7166666666666,,34000.0,8.155
DESSIE,2443583,11.1166666666666,39.8,,16000.0,5.4
DESSIE,2443720,11.1166666666666,39.8,,30000.0,6.925
DIGELU,2443321,7.91666666666666,39.15,,20000.0,3.545
DIGHALU,2443787,7.91666666666666,39.15,,30400.0,7.405
DILLA,2443465,6.4,38.3,,26000.0,4.59
DIRE DAWA,2443680,9.65,41.85,,20000.0,6.7305
DIRE DAWA,2443342,9.6,41.8666666666666,,20000.0,3.84
DIRE DAWA,2443418,9.6,41.8666666666666,,26000.0,4.015
DIRE DAWA,2443452,9.6,41.8666666666666,,10000.0,4.48
DIRE DAWA,2443573,9.6,41.8666666666666,,20000.0,5.33
DIRE DAWA,2443584,9.6,41.8666666666666,,16000.0,5.4
DIRE DAWA,2443599,9.6,41.8666666666666,,24800.0,5.47
DIRE DAWA,2443602,9.6,41.8666666666666,,24800.0,5.47
DIRE DAWA,2443833,9.6,41.8666666666666,,17800.0,7.65
DIRE DAWA,2443841,9.6,41.8666666666666,,20000.0,7.715
DIRE DAWA,2443902,9.6,41.8666666666666,,30000.0,8.06
DIRE DAWA,2443971,9.6,41.8666666666666,,17800.0,9.485
DIRE DAWA,2442936,9.63333333333333,41.8666666666666,,18800.0,0.241
DIRE DAWA,2442938,9.63333333333333,41.8666666666666,,26000.0,0.256
DIRE DAWA,2443023,9.63333333333333,41.8666666666666,,14800.0,118.1
DIRE DAWA,2443025,9.63333333333333,41.8666666666666,,14800.0,118.3
DIRE DAWA,2443047,9.63333333333333,41.8666666666666,,14800.0,121.9
DIRE DAWA,2443355,9.58333333333333,41.8833333333333,,26000.0,3.97
DIRE DAWA,2443356,9.58333333333333,41.8833333333333,,26000.0,3.97
DIRE DAWA,2443357,9.58333333333333,41.8833333333333,,26000.0,3.97
DIRE DAWA,2443019,9.58333333333333,41.9166666666666,,13000.0,116.1
DIRE DAWA,2443027,9.58333333333333,41.9166666666666,,10000.0,118.5
DIRE DAWA,2443029,9.58333333333333,41.9166666666666,,13000.0,119.7
DIRE DAWA QQ,2443848,9.65,41.85,,24800.0,7.74
DIRE DAWA QQ,2443409,9.6,41.8666666666666,,24800.0,4.005
DIRE DAWA QQ,2443414,9.6,41.8666666666666,,24800.0,4.005
DUBTI,2443122,9.9,41.0,,16000.0,161.0
DUFFI,2443106,10.6833333333333,40.9166666666666,,7000.0,159.4
DURAME,2443579,7.8,37.8,,20000.0,5.394
EGU,2443325,8.0,40.0,,20000.0,3.545
EGU,2443791,8.0,40.0,,20000.0,7.405
ELKERE,2442969,5.83333333333333,42.1,,20000.0,10.515
ELKERE,2443864,5.83333333333333,42.1,,20000.0,7.88
ENDA SELLASIE,2443988,13.95,40.0,,20000.0,9.945
ENDA SELLASSIE,2443590,13.95,40.0,,20000.0,5.425
ENDA SELLASSIE,2443591,13.95,40.0,,20000.0,5.425
GABRE DARRE,2442941,6.75,44.2833333333333,,13000.0,0.282
GABRE DARRE,2442942,6.75,44.2833333333333,,13000.0,0.282
GABRE DARRE,2443860,6.75,44.2833333333333,,30000.0,7.845
GABRE DARRE QQ,2443411,6.75,44.2833333333333,,24800.0,4.005
GABRE DARRE QQ,2443416,6.75,44.2833333333333,,24800.0,4.005
GABRE DARRE QQ,2443850,6.75,44.2833333333333,,24800.0,7.74
GAMBELLA,2443842,8.26666666666666,34.6166666666666,,17000.0,7.724
GARA GUDA,2443190,9.76666666666666,38.6333333333333,,9500.0,1753.0
GARA GUDA,2443930,9.76666666666666,38.6333333333333,,7000.0,850.0
GEJA DERRA,2443927,8.78333333333333,38.65,,17000.0,83.0
GHIMBI,2443466,9.18333333333333,35.8166666666666,,26000.0,4.59
GHIMBI,2443781,9.18333333333333,35.8166666666666,,26000.0,7.395
GIDOLE,2443807,5.58333333333333,37.4333333333333,,26000.0,7.525
GIGGIGA QQ,2443410,9.33333333333333,42.7833333333333,,24800.0,4.005
GIGGIGA QQ,2443415,9.33333333333333,42.7833333333333,,24800.0,4.005
GIGGIGA QQ,2443849,9.33333333333333,42.7833333333333,,24800.0,7.74
GIMRA,2443420,7.0,35.8166666666666,,20000.0,4.025
GOBA,2443318,7.93333333333333,39.0833333333333,,20000.0,3.545
GOBA,2443547,7.0,39.9833333333333,,20000.0,5.15
GOBA,2443946,7.0,39.9833333333333,,20000.0,9.045
GOBA,2443947,7.0,39.9833333333333,,20000.0,9.045
GOBA,2443679,7.0,40.0,,20000.0,6.7305
GOBE,2443783,7.93333333333333,39.0833333333333,,20000.0,7.405
GODIE,2443793,5.78333333333333,43.5833333333333,,27000.0,7.42
GODIE,2443794,5.78333333333333,43.5833333333333,,27000.0,7.42
GODIE,2443957,5.95,43.5833333333333,,27000.0,9.23
GODIE,2443958,5.95,43.5833333333333,,27000.0,9.23
GONDAR,2443441,12.6,37.4166666666666,,20000.0,4.44
GONDAR,2443456,12.6,37.4166666666666,,26000.0,4.53
GONDAR,2443470,12.6,37.4166666666666,,20000.0,4.62
GONDAR,2443471,12.6,37.4166666666666,,20000.0,4.62
GONDAR,2443473,12.6,37.4166666666666,,27000.0,4.635
GONDAR,2443474,12.6,37.4166666666666,,27000.0,4.635
GONDAR,2443486,12.6,37.4166666666666,,26000.0,4.9625
GONDAR,2443707,12.6,37.4166666666666,,20000.0,6.875
GONDAR,2443978,12.6,37.4166666666666,,27000.0,9.845
GONDAR,2442948,12.5333333333333,37.4333333333333,,29000.0,0.375
GONDAR,2443676,12.5333333333333,37.4333333333333,,22600.0,6.7305
GONDAR,2443475,12.6,37.4833333333333,,26000.0,4.645
GONDAR,2443476,12.6,37.4833333333333,,26000.0,4.645
GONDAR,2443477,12.6,37.4833333333333,,26000.0,4.645
GORE,2442966,8.15,35.5333333333333,,20000.0,10.345
GORE,2442967,8.15,35.5333333333333,,20000.0,10.345
GORE,2443461,8.15,35.5333333333333,,27000.0,4.56
GORE,2443615,8.15,35.5333333333333,,27000.0,5.74
GORE,2443834,8.15,35.5333333333333,,26000.0,7.6725
GORE,2443972,8.15,35.5333333333333,,26000.0,9.79
GORE,2443973,8.15,35.5333333333333,,26000.0,9.79
GORE,2442952,8.16666666666666,35.55,,19000.0,0.4
GORE,2443673,8.16666666666666,35.55,,22600.0,6.7305
HARAR MEDA,2442950,8.75,38.9833333333333,,19000.0,0.39
HARAR MEDA,2443478,8.75,38.9833333333333,,24800.0,4.7385
HARAR MEDA QQ,2443484,8.75,38.9833333333333,,24800.0,4.95
HARAR MEDA QQ,2443485,8.75,38.9833333333333,,24800.0,4.95
HARRAR,2443710,9.3,42.1333333333333,,20000.0,6.89
HARRAR,2443711,9.3,42.1333333333333,,20000.0,6.89
HARRAR,2443854,9.3,42.1333333333333,,20000.0,7.815
HARRAR,2443855,9.3,42.1333333333333,,20000.0,7.815
HARRAR MEDA,2443022,8.75,38.9833333333333,,10000.0,118.1
HARRAR MEDA,2443030,8.7,39.0,,10000.0,119.7
HOSANNA,2443464,7.53333333333333,37.85,,27000.0,4.58
HOSANNA,2443835,7.53333333333333,37.85,,26000.0,7.69
HUMERA,2443084,14.1666666666666,36.8,,16000.0,148.5
HUMERA,2443625,14.1666666666666,36.8,,20000.0,5.83
HUMERA,2443778,14.1666666666666,36.8,,27000.0,7.38
IRGALLAM,2443893,6.75,38.3833333333333,,20000.0,8.01
IRGALLAM,2443894,6.75,38.3833333333333,,20000.0,8.01
JIMMA,2443024,7.66666666666666,36.5,,14800.0,118.3
JIMMA,2443430,7.61666666666666,36.8166666666666,,23000.0,4.05
JIMMA,2443609,7.61666666666666,36.8166666666666,,23000.0,5.705
JIMMA,2443422,7.65,36.8166666666666,,20000.0,4.025
JIMMA,2443658,7.65,36.8166666666666,,17000.0,6.225
JIMMA,2442937,7.66666666666666,36.8333333333333,,18800.0,0.252
JIMMA,2442939,7.66666666666666,36.8333333333333,,29000.0,0.263
JIMMA,2442949,7.66666666666666,36.8333333333333,,19000.0,0.382
JIMMA,2443044,7.66666666666666,36.8333333333333,,17000.0,121.5
JIMMA,2443545,7.66666666666666,36.8333333333333,,20000.0,5.127
JIMMA,2443546,7.66666666666666,36.8333333333333,,20000.0,5.127
JIMMA,2443548,7.66666666666666,36.8333333333333,,20000.0,5.16
JIMMA,2443600,7.66666666666666,36.8333333333333,,24800.0,5.47
JIMMA,2443675,7.66666666666666,36.8333333333333,,20000.0,6.7305
JIMMA QQ,2443243,7.66666666666666,36.8333333333333,,20000.0,2.702
JIMMA QQ,2443244,7.66666666666666,36.8333333333333,,20000.0,2.702
JIMMA QQ,2443820,7.66666666666666,36.8333333333333,,20000.0,7.578
JIMMA QQ,2443821,7.66666666666666,36.8333333333333,,20000.0,7.578
KAMATHIA,2694475,5.9,35.3333333333333,,20000.0,5.946
KAMATHIA,2694578,5.9,35.3333333333333,,21800.0,7.335
KAMATHIA,2694607,5.9,35.3333333333333,,21800.0,7.335
KAMATHIA,2694206,5.9,35.3666666666666,,14800.0,4.445
KAMATHIA,2694209,5.9,35.3666666666666,,14800.0,4.445
KELAFO,2443801,5.6,44.2166666666666,,20000.0,7.49
KELAFO,2443977,5.6,44.2166666666666,,20000.0,9.845
KELE,2443604,5.9,37.9,,20000.0,5.475
KIBISH,2694207,5.23333333333333,35.8166666666666,,14800.0,4.445
KIBISH,2694210,5.23333333333333,35.8166666666666,,14800.0,4.445
KIBISH,2694585,5.23333333333333,35.8666666666666,,21800.0,7.335
KIBISH,2694609,5.23333333333333,35.8666666666666,,21800.0,7.335
KIBRE MENGIST QQ,2443408,5.88333333333333,39.0,,24800.0,4.005
KIBRE MENGIST QQ,2443413,5.88333333333333,39.0,,24800.0,4.005
KIBRE MENGIST QQ,2443847,5.88333333333333,39.0,,20000.0,7.74
KOKE,2443317,7.96666666666666,39.0,,20000.0,3.545
KOKE,2443782,7.96666666666666,39.0,,20000.0,7.405
KULU,2443421,7.0,36.7333333333333,,20000.0,4.025
KULUMSA,2443320,7.98333333333333,39.1166666666666,,20000.0,3.545
KULUMSA,2443786,7.98333333333333,39.1166666666666,,20000.0,7.405
LALIBELA,2443635,12.0166666666666,39.0666666666666,,27000.0,5.9
LALIBELA,2443636,12.0166666666666,39.0666666666666,,27000.0,5.9
LEKEMPTI,2443984,9.08333333333333,36.5333333333333,,13000.0,9.92
LEKEMPTI,2443985,9.08333333333333,36.5333333333333,,13000.0,9.92
LIGABA,2443324,8.08333333333333,39.3666666666666,,20000.0,3.545
LIGABA,2443790,8.08333333333333,39.3666666666666,,20000.0,7.405
LOGGHIA,2443139,11.8166666666666,41.0,,7000.0,164.9
MAJI,2443419,6.18333333333333,35.6,,20000.0,4.025
MAJI,2443439,6.18333333333333,35.6,,20000.0,4.44
MAJI,2443705,6.18333333333333,35.6,,20000.0,6.875
MEGA,2694208,4.08333333333333,38.2333333333333,,14800.0,4.445
MEGA,2694211,4.08333333333333,38.2333333333333,,14800.0,4.445
MEGA,2694219,4.08333333333333,38.2333333333333,,14800.0,4.485
MEGA,2694220,4.08333333333333,38.2333333333333,,14800.0,4.485
MEGEZEZ,2443031,9.26666666666666,39.2666666666666,,10000.0,119.7
MEKELE,2443931,13.5,39.65,,6000.0,850.0
MEKELE NO,2443932,13.6666666666666,39.65,,6000.0,850.0
MELKA SEDI,2443536,9.73333333333333,40.6666666666666,,20000.0,5.082
MELKA WERER,2443467,9.4,40.2,,20000.0,4.605
MELKA WERER,2443361,9.73333333333333,40.25,,7000.0,37.75
MELKASA,2443554,8.55,39.4,,21800.0,5.175
METAHARA,2443438,8.93333333333333,39.8833333333333,,20000.0,4.44
METAHARA,2443704,8.93333333333333,39.8833333333333,,20000.0,6.875
METAHARA,2443427,9.0,39.9333333333333,,16000.0,4.035
METAHARA,2443764,9.0,39.9333333333333,,16000.0,7.3015
METEHARA,2443075,8.9,40.0,,14800.0,142.53
METEHARA,2443076,8.9,40.0,,14800.0,142.78
METEHARA,2443077,8.9,40.0,,14800.0,143.03
METEHARA,2443078,8.9,40.0,,14800.0,143.28
METEMMA,2443481,13.25,36.25,,20000.0,4.91
METEMMA,2443858,13.25,36.25,,27000.0,7.84
METEMMA,2443859,13.25,36.25,,27000.0,7.84
METEMMA,2443898,13.25,36.25,,20000.0,8.045
METTU,2443482,8.4,35.4,,17800.0,4.93
MIZAN TEFERI,2443674,6.93333333333333,35.5666666666666,,20000.0,6.7305
MOKODA,2443079,9.0,38.3333333333333,,27000.0,146.025
MOKODA,2443080,9.0,38.3333333333333,,27000.0,146.05
NEGHELLI,2443812,5.33333333333333,39.5833333333333,,26000.0,7.55
NEJO,2443887,9.5,35.5,,17800.0,7.995
NEKEMPTIE,2443495,9.0,36.6333333333333,,3000.0,4066.5
NEKEMTIE,2443531,9.25,36.35,,20000.0,5.045
NEKEPTIE,2443432,8.28333333333333,35.6666666666666,,20000.0,4.06
OGELCHO,2443784,8.08333333333333,39.0833333333333,,20000.0,7.405
OMO,2443440,6.28333333333333,36.0,,20000.0,4.44
OMO,2443706,6.28333333333333,36.0,,20000.0,6.875
ROBIT,2443937,10.2333333333333,37.8666666666666,,7000.0,880.0
ROBIT,2443939,10.2333333333333,37.8666666666666,,7000.0,888.0
SEBETA,2443626,8.75,38.3,,20000.0,5.83
SHAKISO,2443564,5.65,38.8,,20000.0,5.28
SHASHAMANA,2443724,7.21666666666666,38.6,,30000.0,6.945
SHASHAMANA,2443924,7.21666666666666,38.6,,7000.0,827.0
SHASHAMANA,2443951,7.21666666666666,38.6,,30000.0,9.13
SODDU,2443433,6.86666666666666,37.75,,27000.0,4.06
TEDELE,2443435,8.16666666666666,37.8333333333333,,16000.0,4.415
TENDAHO,2443620,11.7,40.95,,20000.0,5.785
WAKA,2443423,7.25,37.0,,20000.0,4.025
WASHA INDRIAS,2443929,12.15,37.7333333333333,,7000.0,850.0
WONJI,2443889,8.0,39.1166666666666,,17000.0,75.4
WONJI,2443890,8.0,39.1166666666666,,17000.0,75.45
WONJI,2443426,9.5,39.1333333333333,,16000.0,4.035
WONJI,2443763,9.5,39.1333333333333,,16000.0,7.3015
WUSH WUSH,2443428,7.26666666666666,35.9,,20000.0,4.035
WUSH WUSH,2443765,7.26666666666666,35.9,,20000.0,7.3015
YAVELLO,2443798,4.91666666666666,38.1833333333333,,20000.0,7.4655
YIRGA ALEM,2443424,6.75,38.3833333333333,,26000.0,4.03
YIRGA ALEM,2443613,6.75,38.3833333333333,,14800.0,5.735
YIRGA ALEM,2443862,6.75,38.3833333333333,,24000.0,7.875
YUBDO,2443565,9.11666666666666,35.25,,20000.0,5.28
ZEWAI,2443532,8.0,38.6,,20000.0,5.045
ZOBIL,2443538,12.35,39.65,,20000.0,5.088
